1738678735.0537248,3.5109721175724564,7.119852467468349,21.35955740240505,28.64044259759495,6.489027882427544,33.01,-118.6,-1,0
1738678735.2372043,2.8276698431601295,8.247250028484105,24.741750085452317,25.258249914547683,7.1723301568398705,33.01,-118.6,-1,0
1738678735.2869291,2.5692477857390745,8.578803136912484,25.736409410737448,24.263590589262552,7.4307522142609255,33.01,-118.6,-1,0
1738678735.3533907,2.264460887664613,8.915652951576163,26.746958854728494,23.253041145271506,7.7355391123353865,33.01,-118.6,-1,0
1738678735.3859966,2.1117139494006447,9.064361907140896,27.193085721422687,22.806914278577313,7.888286050599355,33.01,-118.6,-1,0
1738678735.4557788,1.7998911191987674,9.32960705689782,27.988821170693466,22.011178829306534,8.200108880801233,33.01,-118.6,-1,0
1738678735.4827542,1.6430000574250438,9.444691802552649,28.33407540765795,21.66592459234205,8.356999942574957,33.01,-118.6,-1,0
1738678735.543743,1.365777652003111,9.619698832144149,28.859096496432443,21.140903503567557,8.63422234799689,33.01,-118.6,-1,0
1738678735.5766492,1.221713614364164,9.696889366075546,29.09066809822664,20.90933190177336,8.778286385635836,33.01,-118.6,-1,0
1738678735.6433384,0.9079238798009357,9.833752941474017,29.50125882442205,20.49874117557795,9.092076120199064,33.01,-118.6,-1,0
1738678735.670349,0.7340336621316503,9.891651951591827,29.67495585477548,20.32504414522452,9.265966337868349,33.01,-118.6,-1,0
1738678735.7377534,0.439932071927464,9.961216747383746,29.88365024215124,20.11634975784876,9.560067928072536,33.01,-118.6,-1,0
1738678735.7674153,0.2607480700700845,9.98639283103859,29.959178493115765,20.040821506884235,9.739251929929916,33.01,-118.6,-1,0
1738678735.8296535,-0.050565812292613616,9.99948860664928,29.99846581994784,20.00153418005216,10.050565812292614,33.01,-118.6,-1,0
1738678735.8583503,-0.20272704593619326,9.99177696805648,29.97533090416944,20.02466909583056,10.202727045936193,33.01,-118.6,-1,0
1738678735.9138975,-0.4911101880799852,9.951645247528479,29.854935742585436,20.145064257414564,10.491110188079984,33.01,-118.6,-1,0
1738678735.9513083,-0.6701204238596052,9.909780747832158,29.729342243496475,20.270657756503525,10.670120423859606,33.01,-118.6,-1,0
1738678735.9945955,-0.8896627701193269,9.840426851608338,29.52128055482502,20.47871944517498,10.889662770119326,33.01,-118.6,-1,0
1738678736.0290117,-1.0632918993809388,9.771266107667087,29.31379832300126,20.68620167699874,11.063291899380939,33.01,-118.6,-1,0
1738678736.0759711,-1.2742977116554766,9.669780833518331,29.009342500554993,20.990657499445007,11.274297711655477,33.01,-118.6,-1,0
1738678736.11602,-1.4651987800310473,9.561002569813592,28.683007709440776,21.316992290559224,11.465198780031047,33.01,-118.6,-1,0
1738678736.1673741,-1.7091150234741628,9.397643499630089,28.192930498890266,21.807069501109734,11.709115023474162,33.01,-118.6,-1,0
1738678736.205721,-1.8940806768584795,9.25471952887851,27.764158586635535,22.235841413364465,11.89408067685848,33.01,-118.6,-1,0
1738678736.262326,-2.1514179348412314,9.02693765784244,27.080812973527323,22.919187026472677,12.15141793484123,33.01,-118.6,-1,0
1738678736.2834976,-2.2676847063706544,8.912374783971472,26.737124351914417,23.262875648085583,12.267684706370655,33.01,-118.6,-1,0
1738678736.3453684,-2.511689783283191,8.646713695399157,25.94014108619747,24.05985891380253,12.511689783283192,33.01,-118.6,-1,0
1738678736.3664289,-2.6339197873811457,8.499992130265078,25.499976390795233,24.500023609204767,12.633919787381146,33.01,-118.6,-1,0
1738678736.4247842,-2.8528334047224826,8.212512785962534,24.637538357887603,25.362461642112397,12.852833404722482,33.01,-118.6,-1,0
1738678736.4505062,-2.958589179725251,8.061451498486527,24.184354495459576,25.815645504540424,12.958589179725251,33.01,-118.6,-1,0
1738678736.5059164,-3.1783716203437034,7.719573522674356,23.158720568023067,26.841279431976933,13.178371620343704,33.01,-118.6,-1,0
1738678736.5682657,-3.4105955666661334,7.312410787322418,21.937232361967254,28.062767638032746,13.410595566666133,33.01,-118.6,-1,0
1738678736.634481,-3.6336519362946484,6.869228080610558,20.607684241831674,29.392315758168326,13.633651936294648,33.01,-118.6,-1,0
1738678736.660858,-3.732827825852991,6.653118493620155,19.959355480860463,30.040644519139537,13.732827825852992,33.01,-118.6,-1,0
1738678736.7255716,-3.930898931408632,6.179978508393206,18.53993552517962,31.46006447482038,13.930898931408631,33.01,-118.6,-1,0
1738678736.742051,-4.037649628475293,5.898266008810836,17.694798026432508,32.30520197356749,14.037649628475293,33.01,-118.6,-1,0
1738678736.793748,-4.176397358708218,5.498256124327064,16.49476837298119,33.50523162701881,14.176397358708218,33.01,-118.6,-1,0
1738678736.8283563,-4.263322989327563,5.224586907563543,15.673760722690629,34.32623927730937,14.263322989327563,33.01,-118.6,-1,0
1738678736.8588934,-4.3503191701960295,4.929390679353759,14.788172038061276,35.211827961938724,14.35031917019603,33.01,-118.6,-1,0
1738678736.8859332,-4.411581843749878,4.70656802177401,14.119704065322031,35.88029593467797,14.411581843749879,33.01,-118.6,-1,0
1738678736.9139688,-4.479241094049165,4.443601791961668,13.330805375885005,36.66919462411499,14.479241094049165,33.01,-118.6,-1,0
1738678736.939387,-4.531227764193659,4.227516977612526,12.682550932837577,37.31744906716242,14.531227764193659,33.01,-118.6,-1,0
1738678736.9679885,-4.592652850326513,3.953499612438453,11.86049883731536,38.13950116268464,14.592652850326512,33.01,-118.6,-1,0
1738678736.9940095,-4.644379039479409,3.7039132482520816,11.111739744756244,38.88826025524376,14.644379039479409,33.01,-118.6,-1,0
1738678737.0272567,-4.703052623478866,3.3948761513719767,10.18462845411593,39.81537154588407,14.703052623478866,33.01,-118.6,-1,0
1738678737.0607586,-4.749966893832181,3.122700438721753,9.36810131616526,40.63189868383474,14.74996689383218,33.01,-118.6,-1,0
1738678737.0929632,-4.803278808084766,2.777418003688885,8.332254011066656,41.66774598893335,14.803278808084766,33.01,-118.6,-1,0
1738678737.1178482,-4.835152655078022,2.5466046431214724,7.639813929364417,42.360186070635585,14.835152655078023,33.01,-118.6,-1,0
1738678737.1464562,-4.867872561273648,2.283695887984333,6.851087663952999,43.148912336047005,14.867872561273648,33.01,-118.6,-1,0
1738678737.1810272,-4.900353228325806,1.9864926253443305,5.959477876032992,44.04052212396701,14.900353228325805,33.01,-118.6,-1,0
1738678737.2124963,-4.933783160816022,1.6220773373033357,4.866232011910007,45.13376798808999,14.933783160816022,33.01,-118.6,-1,0
1738678737.2404337,-4.9547855823252664,1.3417896007670853,4.025368802301256,45.97463119769874,14.954785582325266,33.01,-118.6,-1,0
1738678737.276464,-4.973838687671853,1.021623627406353,3.064870882219059,46.93512911778094,14.973838687671854,33.01,-118.6,-1,0
1738678737.3121388,-4.988691046336031,0.6721953412713182,2.0165860238139546,47.98341397618604,14.988691046336031,33.01,-118.6,-1,0
1738678737.3416724,-4.996994642516577,0.3466672332980373,1.040001699894112,48.95999830010589,14.996994642516576,33.01,-118.6,-1,0
1738678737.3699846,-4.99992789189718,0.053705710259595384,0.16111713077878614,49.838882869221216,14.99992789189718,33.01,-118.6,-1,0
1738678737.4041765,-4.998197673309695,-0.26847732508758754,-0.8054319752627626,50.80543197526276,14.998197673309695,33.01,-118.6,-1,0
1738678737.4357026,-4.990824994583171,-0.6055274508852134,-1.8165823526556402,51.816582352655644,14.990824994583171,33.01,-118.6,-1,0
1738678737.463813,-4.98089267529699,-0.8734029016961119,-2.6202087050883356,52.62020870508834,14.980892675296989,33.01,-118.6,-1,0
1738678737.4952254,-4.965937548369512,-1.1652712400017478,-3.495813720005243,53.495813720005245,14.965937548369512,33.01,-118.6,-1,0
1738678737.5220575,-4.945682115091925,-1.470004648237366,-4.410013944712098,54.4100139447121,14.945682115091925,33.01,-118.6,-1,0
1738678737.5506017,-4.925088805967951,-1.7245292149791887,-5.173587644937566,55.17358764493757,14.92508880596795,33.01,-118.6,-1,0
1738678737.5804682,-4.8960520535104015,-2.028471630875403,-6.08541489262621,56.08541489262621,14.896052053510402,33.01,-118.6,-1,0
1738678737.611563,-4.861149533444667,-2.3402779437414662,-7.020833831224398,57.0208338312244,14.861149533444667,33.01,-118.6,-1,0
1738678737.6366632,-4.828599606349449,-2.595862740255689,-7.787588220767066,57.78758822076706,14.82859960634945,33.01,-118.6,-1,0
1738678737.6646926,-4.790975262378422,-2.8611578322616307,-8.583473496784892,58.58347349678489,14.79097526237842,33.01,-118.6,-1,0
1738678737.7035177,-4.736373667361538,-3.2042250127756096,-9.61267503832683,59.61267503832683,14.736373667361537,33.01,-118.6,-1,0
1738678737.736023,-4.674426223795951,-3.5495010794694664,-10.648503238408399,60.648503238408395,14.674426223795951,33.01,-118.6,-1,0
1738678737.7681792,-4.615561524602318,-3.8453045718698164,-11.53591371560945,61.53591371560945,14.615561524602317,33.01,-118.6,-1,0
1738678737.7973697,-4.5644070881321355,-4.082248367656786,-12.246745102970358,62.24674510297036,14.564407088132135,33.01,-118.6,-1,0
1738678737.8282971,-4.49377565559201,-4.384509257469346,-13.153527772408038,63.15352777240804,14.49377565559201,33.01,-118.6,-1,0
1738678737.8646944,-4.422559923707616,-4.665174689640373,-13.995524068921119,63.99552406892112,14.422559923707617,33.01,-118.6,-1,0
1738678737.891785,-4.344265772841855,-4.950698898101059,-14.852096694303178,64.85209669430319,14.344265772841855,33.01,-118.6,-1,0
1738678737.92321,-4.2666533633599855,-5.213700826449067,-15.6411024793472,65.6411024793472,14.266653363359985,33.01,-118.6,-1,0
1738678737.9634411,-4.162984783939146,-5.53879325799082,-16.616379773972458,66.61637977397245,14.162984783939146,33.01,-118.6,-1,0
1738678738.0055647,-4.039522531436691,-5.893134214665505,-17.679402643996514,67.67940264399651,14.039522531436692,33.01,-118.6,-1,0
1738678738.0485857,-3.9106871350376453,-6.2310596632839435,-18.69317898985183,68.69317898985183,13.910687135037644,33.01,-118.6,-1,0
1738678738.0750124,-3.8215499439572014,-6.44849006383377,-19.34547019150131,69.3454701915013,13.821549943957201,33.01,-118.6,-1,0
1738678738.1074555,-3.7158568004362538,-6.691011355139565,-20.073034065418696,70.0730340654187,13.715856800436253,33.01,-118.6,-1,0
1738678738.1402352,-3.6094102358372853,-6.920161197380601,-20.760483592141803,70.76048359214181,13.609410235837284,33.01,-118.6,-1,0
1738678738.1683311,-3.5018200268272586,-7.1378586423973225,-21.413575927191967,71.41357592719197,13.501820026827259,33.01,-118.6,-1,0
1738678738.1992784,-3.393052518920375,-7.3449832140987485,-22.034949642296244,72.03494964229624,13.393052518920374,33.01,-118.6,-1,0
1738678738.2319903,-3.2811148889221915,-7.545670304404538,-22.637010913213615,72.63701091321362,13.281114888922191,33.01,-118.6,-1,0
1738678738.256908,-3.176179850292367,-7.723181095532269,-23.169543286596806,73.1695432865968,13.176179850292367,33.01,-118.6,-1,0
1738678738.2866879,-3.068223841579924,-7.895822302448437,-23.68746690734531,73.68746690734531,13.068223841579924,33.01,-118.6,-1,0
1738678738.3141515,-2.9534702721854558,-8.068956153386079,-24.20686846015824,74.20686846015823,12.953470272185456,33.01,-118.6,-1,0
1738678738.3644934,-2.760244903082223,-8.338116831757302,-25.014350495271906,75.01435049527191,12.760244903082222,33.01,-118.6,-1,0
1738678738.3823793,-2.667719564677415,-8.457723647468589,-25.373170942405768,75.37317094240576,12.667719564677416,33.01,-118.6,-1,0
1738678738.4360352,-2.4439570685341536,-8.724006842537882,-26.172020527613643,76.17202052761364,12.443957068534154,33.01,-118.6,-1,0
1738678738.458967,-2.3491876093489767,-8.827529116594572,-26.482587349783717,76.48258734978371,12.349187609348977,33.01,-118.6,-1,0
1738678738.5190022,-2.0757310120492165,-9.09754709042325,-27.29264127126975,77.29264127126976,12.075731012049216,33.01,-118.6,-1,0
1738678738.533399,-2.0032624335892333,-9.162300938556896,-27.486902815670685,77.48690281567069,12.003262433589233,33.01,-118.6,-1,0
1738678738.5939775,-1.7204997545698395,-9.389330241188691,-28.167990723566074,78.16799072356608,11.72049975456984,33.01,-118.6,-1,0
1738678738.6059086,-1.6589014371200816,-9.43356688043731,-28.300700641311927,78.30070064131192,11.658901437120083,33.01,-118.6,-1,0
1738678738.652719,-1.4464714023446412,-9.57240209815679,-28.71720629447037,78.71720629447037,11.446471402344642,33.01,-118.6,-1,0
1738678738.6865027,-1.2751562796316371,-9.669328097136017,-29.00798429140805,79.00798429140805,11.275156279631638,33.01,-118.6,-1,0
1738678738.729503,-1.080108943616965,-9.763885429462729,-29.291656288388186,79.29165628838818,11.080108943616965,33.01,-118.6,-1,0
1738678738.7588887,-0.9212828400522409,-9.828781802161503,-29.486345406484507,79.4863454064845,10.92128284005224,33.01,-118.6,-1,0
1738678738.7934084,-0.7712116075441987,-9.880330491717187,-29.64099147515156,79.64099147515157,10.771211607544199,33.01,-118.6,-1,0
1738678738.823481,-0.6039217395467684,-9.926787704489868,-29.780363113469605,79.7803631134696,10.603921739546768,33.01,-118.6,-1,0
1738678738.8616483,-0.4220348566414742,-9.964313640141926,-29.89294092042578,79.89294092042579,10.422034856641474,33.01,-118.6,-1,0
1738678738.8769662,-0.33714827703532485,-9.977240307678695,-29.93172092303608,79.93172092303608,10.337148277035325,33.01,-118.6,-1,0
1738678738.9306633,-0.07863821103123321,-9.998763129860775,-29.996289389582323,79.99628938958233,10.078638211031233,33.01,-118.6,-1,0
1738678738.9475207,0.01720874192157215,-9.999940771664896,-29.999822314994688,79.99982231499469,9.982791258078429,33.01,-118.6,-1,0
1738678738.9972095,0.25259796373370225,-9.987230700993662,-29.961692102980987,79.96169210298099,9.747402036266298,33.01,-118.6,-1,0
1738678739.0131583,0.33978334233134067,-9.976882735659299,-29.930648206977896,79.93064820697789,9.66021665766866,33.01,-118.6,-1,0
1738678739.075739,0.632180655274915,-9.919747500636532,-29.759242501909597,79.7592425019096,9.367819344725085,33.01,-118.6,-1,0
1738678739.1162071,0.8462196725589143,-9.85574193366979,-29.56722580100937,79.56722580100937,9.153780327441085,33.01,-118.6,-1,0
1738678739.1607316,1.0514977108446661,-9.776369993834814,-29.32910998150444,79.32910998150444,8.948502289155334,33.01,-118.6,-1,0
1738678739.186851,1.1975322482040789,-9.70894773175987,-29.126843195279612,79.1268431952796,8.802467751795922,33.01,-118.6,-1,0
1738678739.2169235,1.3322769355152708,-9.63847252775958,-28.915417583278742,78.91541758327874,8.66772306448473,33.01,-118.6,-1,0
1738678739.2467337,1.477716703022445,-9.553293326514888,-28.659879979544662,78.65987997954466,8.522283296977555,33.01,-118.6,-1,0
1738678739.2749975,1.6190945974877715,-9.461190767421595,-28.38357230226479,78.38357230226478,8.380905402512228,33.01,-118.6,-1,0
1738678739.3065193,1.7678050829376437,-9.354114643030591,-28.062343929091774,78.06234392909178,8.232194917062357,33.01,-118.6,-1,0
1738678739.339199,1.9030766918735997,-9.2473345575571,-27.742003672671295,77.7420036726713,8.0969233081264,33.01,-118.6,-1,0
1738678739.3642693,2.0343875943435688,-9.134827226823939,-27.404481680471818,77.40448168047182,7.965612405656431,33.01,-118.6,-1,0
1738678739.4095738,2.1948767022576323,-8.984991098913044,-26.954973296739134,76.95497329673913,7.805123297742368,33.01,-118.6,-1,0
1738678739.43023,2.3202887502792926,-8.858049472728712,-26.574148418186137,76.57414841818614,7.679711249720707,33.01,-118.6,-1,0
1738678739.5007012,2.616003391662669,-8.52209510738044,-25.566285322141322,75.56628532214133,7.3839966083373305,33.01,-118.6,-1,0
1738678739.517642,2.7086572538616043,-8.405516255674701,-25.216548767024104,75.21654876702411,7.291342746138396,33.01,-118.6,-1,0
1738678739.576032,2.9428913678940694,-8.084402364250451,-24.253207092751353,74.25320709275135,7.057108632105931,33.01,-118.6,-1,0
1738678739.5946822,3.011823370061735,-7.982210217114048,-23.946630651342144,73.94663065134215,6.988176629938264,33.01,-118.6,-1,0
1738678739.6465824,3.211608971039227,-7.664350674947058,-22.993052024841173,72.99305202484118,6.788391028960773,33.01,-118.6,-1,0
1738678739.687694,3.3660200159708054,-7.394568074494655,-22.183704223483964,72.18370422348397,6.633979984029194,33.01,-118.6,-1,0
1738678739.7314603,3.5234738532870664,-7.095105920337593,-21.28531776101278,71.28531776101278,6.476526146712933,33.01,-118.6,-1,0
1738678739.7672358,3.6457970835176594,-6.843438792248858,-20.530316376746576,70.53031637674658,6.354202916482341,33.01,-118.6,-1,0
1738678739.8008091,3.758447171963347,-6.595172433093987,-19.785517299281963,69.78551729928196,6.241552828036653,33.01,-118.6,-1,0
1738678739.8369198,3.8735976958188036,-6.323050178813151,-18.969150536439454,68.96915053643946,6.126402304181196,33.01,-118.6,-1,0
1738678739.8701901,3.9740355717836535,-6.0686213505863655,-18.205864051759097,68.2058640517591,6.025964428216346,33.01,-118.6,-1,0
1738678739.9034536,4.079597392462899,-5.781655512190229,-17.344966536570688,67.3449665365707,5.920402607537101,33.01,-118.6,-1,0
1738678739.9345427,4.165303883953665,-5.531814730925294,-16.595444192775883,66.59544419277589,5.834696116046335,33.01,-118.6,-1,0
1738678739.9603293,4.249134162321033,-5.270620028268525,-15.811860084805577,65.81186008480557,5.750865837678967,33.01,-118.6,-1,0
1738678739.9825382,4.302793877896615,-5.0935114977136955,-15.280534493141086,65.28053449314109,5.697206122103385,33.01,-118.6,-1,0
1738678740.00998,4.367490988161553,-4.868273808375047,-14.604821425125143,64.60482142512514,5.632509011838447,33.01,-118.6,-1,0
1738678740.0544686,4.4539007704547044,-4.544345025168307,-13.633035075504923,63.63303507550492,5.5460992295452956,33.01,-118.6,-1,0
1738678740.105163,4.578045592593326,-4.020695736877798,-12.062087210633392,62.06208721063339,5.421954407406674,33.01,-118.6,-1,0
1738678740.1361809,4.636197241477397,-3.7446896470160915,-11.234068941048275,61.23406894104828,5.363802758522603,33.01,-118.6,-1,0
1738678740.1627598,4.693025349420337,-3.4499351122582738,-10.349805336774821,60.34980533677482,5.306974650579663,33.01,-118.6,-1,0
1738678740.2043145,4.754464086902324,-3.095203545071663,-9.28561063521499,59.285610635214994,5.245535913097676,33.01,-118.6,-1,0
1738678740.220421,4.7843689844771475,-2.9050393597148445,-8.715118079144533,58.71511807914453,5.2156310155228525,33.01,-118.6,-1,0
1738678740.271842,4.848063468646852,-2.4464509837492,-7.3393529512476,57.3393529512476,5.151936531353148,33.01,-118.6,-1,0
1738678740.2968476,4.878208745740874,-2.1936995537012347,-6.581098661103704,56.5810986611037,5.121791254259126,33.01,-118.6,-1,0
1738678740.3457055,4.925985647920854,-1.7142524860448836,-5.142757458134651,55.14275745813465,5.074014352079146,33.01,-118.6,-1,0
1738678740.3566656,4.938278082273483,-1.566409374508893,-4.699228123526679,54.69922812352668,5.061721917726517,33.01,-118.6,-1,0
1738678740.39935,4.9654291370639445,-1.1739054217379106,-3.5217162652137315,53.52171626521373,5.0345708629360555,33.01,-118.6,-1,0
1738678740.4142995,4.973644122554608,-1.0254055630393226,-3.0762166891179676,53.07621668911797,5.026355877445392,33.01,-118.6,-1,0
1738678740.4519157,4.988448918279459,-0.6793449483627441,-2.0380348450882324,52.038034845088234,5.011551081720541,33.01,-118.6,-1,0
1738678740.4649053,4.9934916728639624,-0.5100624002541806,-1.5301872007625417,51.53018720076254,5.0065083271360376,33.01,-118.6,-1,0
1738678740.5070324,4.999492374131729,-0.14249211906186549,-0.42747635718559646,50.4274763571856,5.000507625868271,33.01,-118.6,-1,0
1738678740.5441065,4.998798301440263,0.2192308510948433,0.6576925532845299,49.34230744671547,5.001201698559737,33.01,-118.6,-1,0
1738678740.5700793,4.992942130137396,0.5311454983299392,1.5934364949898174,48.40656350501018,5.007057869862604,33.01,-118.6,-1,0
1738678740.605554,4.982219028248856,0.8425996785069891,2.5277990355209674,47.47220096447903,5.017780971751144,33.01,-118.6,-1,0
1738678740.6320996,4.966862140727497,1.1494006699282293,3.448202009784688,46.55179799021531,5.033137859272503,33.01,-118.6,-1,0
1738678740.6636171,4.948241361629106,1.4351410064003243,4.305423019200973,45.69457698079903,5.051758638370894,33.01,-118.6,-1,0
1738678740.6947176,4.924413954770892,1.732220773524784,5.196662320574353,44.803337679425645,5.075586045229108,33.01,-118.6,-1,0
1738678740.7243273,4.894179805506095,2.0464642986148807,6.139392895844642,43.860607104155356,5.105820194493905,33.01,-118.6,-1,0
1738678740.760717,4.8561051361733325,2.3818000809731945,7.1454002429195835,42.854599757080415,5.1438948638266675,33.01,-118.6,-1,0
1738678740.7781522,4.836124959979536,2.5392088306895406,7.617626492068622,42.382373507931376,5.163875040020464,33.01,-118.6,-1,0
1738678740.8243244,4.777612504983846,2.94918209151078,8.84754627453234,41.15245372546766,5.222387495016154,33.01,-118.6,-1,0
1738678740.8425584,4.7334427856338515,3.221502379406751,9.664507138220253,40.33549286177975,5.2665572143661485,33.01,-118.6,-1,0
1738678740.8864105,4.66380343517144,3.60496186836037,10.81488560508111,39.18511439491889,5.33619656482856,33.01,-118.6,-1,0
1738678740.9035661,4.631337420943716,3.768667506356281,11.306002519068844,38.69399748093116,5.368662579056284,33.01,-118.6,-1,0
1738678740.953887,4.537152769550892,4.202020821346163,12.606062464038487,37.39393753596151,5.462847230449108,33.01,-118.6,-1,0
1738678740.9721158,4.495925670593813,4.3756838846039,13.1270516538117,36.8729483461883,5.504074329406187,33.01,-118.6,-1,0
1738678741.0212307,4.3775882747229495,4.831861296439769,14.495583889319304,35.504416110680694,5.6224117252770505,33.01,-118.6,-1,0
1738678741.0333037,4.345922367880482,4.9448796840190585,14.834639052057176,35.16536094794282,5.654077632119518,33.01,-118.6,-1,0
1738678741.0725012,4.245839840218904,5.281228664320418,15.843685992961253,34.156314007038745,5.754160159781096,33.01,-118.6,-1,0
1738678741.1023657,4.167398464936368,5.525500894741038,16.576502684223115,33.423497315776885,5.832601535063632,33.01,-118.6,-1,0
1738678741.1546423,4.023257735942689,5.93747326399953,17.81241979199859,32.18758020800141,5.976742264057311,33.01,-118.6,-1,0
1738678741.194806,3.9008163129718105,6.255759615731095,18.767278847193285,31.232721152806715,6.099183687028189,33.01,-118.6,-1,0
1738678741.2491372,3.730221672396803,6.65896276450956,19.97688829352868,30.02311170647132,6.269778327603197,33.01,-118.6,-1,0
1738678741.2640874,3.66137440124242,6.810091774396792,20.430275323190376,29.569724676809624,6.33862559875758,33.01,-118.6,-1,0
1738678741.327826,3.445039950481173,7.247537440976398,21.742612322929194,28.257387677070806,6.554960049518828,33.01,-118.6,-1,0
1738678741.3384886,3.3970393847477025,7.337608171188469,22.012824513565405,27.987175486434595,6.6029606152522975,33.01,-118.6,-1,0
1738678741.3821268,3.250956207395393,7.597705900493217,22.79311770147965,27.20688229852035,6.749043792604607,33.01,-118.6,-1,0
1738678741.4040508,3.1738533117985925,7.727005928607822,23.181017785823464,26.818982214176536,6.8261466882014075,33.01,-118.6,-1,0
1738678741.453148,2.963645998267782,8.054018226190294,24.162054678570883,25.837945321429117,7.036354001732218,33.01,-118.6,-1,0
1738678741.4942946,2.792082049371152,8.295607953508746,24.88682386052624,25.11317613947376,7.207917950628849,33.01,-118.6,-1,0
1738678741.5454838,2.5999488186170554,8.54172491726859,25.625174751805773,24.374825248194227,7.400051181382945,33.01,-118.6,-1,0
1738678741.563501,2.4988058788931165,8.661632451128181,25.984897353384547,24.015102646615453,7.5011941211068835,33.01,-118.6,-1,0
1738678741.6206422,2.257117146709779,8.923098606656481,26.769295819969443,23.230704180030557,7.7428828532902205,33.01,-118.6,-1,0
1738678741.6401205,2.153030287906171,9.025399842524136,27.076199527572406,22.923800472427594,7.846969712093829,33.01,-118.6,-1,0
1738678741.6980293,1.9084429473623734,9.242909826815973,27.728729480447917,22.271270519552083,8.091557052637626,33.01,-118.6,-1,0
1738678741.7120578,1.820597868811569,9.313522083525388,27.940566250576165,22.059433749423835,8.17940213118843,33.01,-118.6,-1,0
1738678741.7667189,1.5806821900495351,9.48713735835214,28.46141207505642,21.53858792494358,8.419317809950465,33.01,-118.6,-1,0
1738678741.7842028,1.4922973196943805,9.544223113409068,28.632669340227203,21.367330659772797,8.50770268030562,33.01,-118.6,-1,0
1738678741.844106,1.2283029158319807,9.693559087756912,29.080677263270736,20.919322736729264,8.77169708416802,33.01,-118.6,-1,0
1738678741.8571298,1.1431755598585054,9.735121907678854,29.205365723036564,20.794634276963436,8.856824440141494,33.01,-118.6,-1,0
1738678741.9100893,0.8884820081686461,9.84085356484093,29.52256069452279,20.47743930547721,9.111517991831354,33.01,-118.6,-1,0
1738678741.924277,0.8197431802264072,9.86468876720848,29.594066301625446,20.405933698374554,9.180256819773593,33.01,-118.6,-1,0
1738678741.9687388,0.5932530641775726,9.92936066458338,29.788081993750136,20.211918006249864,9.406746935822428,33.01,-118.6,-1,0
1738678741.9851978,0.50904954101539,9.94803871419729,29.844116142591872,20.155883857408128,9.49095045898461,33.01,-118.6,-1,0
1738678742.046442,0.20682972285534343,9.991440630007984,29.97432189002395,20.02567810997605,9.793170277144657,33.01,-118.6,-1,0
1738678742.069378,0.12175055779966074,9.997034920750346,29.991104762251037,20.008895237748963,9.878249442200339,33.01,-118.6,-1,0
1738678742.1381295,-0.2392393095031865,9.988546351254207,29.965639053762626,20.034360946237374,10.239239309503187,33.01,-118.6,-1,0
1738678742.176169,-0.44880952614115033,9.959632525197897,29.87889757559369,20.12110242440631,10.44880952614115,33.01,-118.6,-1,0
1738678742.2213824,-0.6666160932956023,9.910726105419181,29.732178316257542,20.267821683742458,10.666616093295602,33.01,-118.6,-1,0
1738678742.2461355,-0.7985180845885093,9.87165008873088,29.61495026619264,20.38504973380736,10.79851808458851,33.01,-118.6,-1,0
1738678742.2751987,-0.9264926763946303,9.826822746053196,29.480468238159585,20.519531761840415,10.92649267639463,33.01,-118.6,-1,0
1738678742.3072603,-1.0940810454185033,9.757660921769306,29.272982765307916,20.727017234692084,11.094081045418504,33.01,-118.6,-1,0
1738678742.3446636,-1.270540280345769,9.671758350169611,29.01527505050883,20.98472494949117,11.270540280345768,33.01,-118.6,-1,0
1738678742.3746593,-1.422695464196826,9.586644379792917,28.759933139378752,21.240066860621248,11.422695464196826,33.01,-118.6,-1,0
1738678742.4138753,-1.5911829183241681,9.480113273676299,28.440339821028896,21.559660178971104,11.591182918324169,33.01,-118.6,-1,0
1738678742.4473238,-1.7688502938902833,9.353324251367374,28.05997275410212,21.94002724589788,11.768850293890283,33.01,-118.6,-1,0
1738678742.4869113,-1.9517358056879466,9.206677434296397,27.620032302889193,22.379967697110807,11.951735805687946,33.01,-118.6,-1,0
1738678742.5154984,-2.0785740904995733,9.094950192343852,27.28485057703156,22.71514942296844,12.078574090499574,33.01,-118.6,-1,0
1738678742.5530117,-2.2433891007895963,8.936935793091152,26.810807379273456,23.189192620726544,12.243389100789596,33.01,-118.6,-1,0
1738678742.5978332,-2.4366601549736795,8.732167494766381,26.196502484299142,23.803497515700858,12.43666015497368,33.01,-118.6,-1,0
1738678742.6234756,-2.557547606882336,8.592776091236274,25.778328273708826,24.221671726291174,12.557547606882336,33.01,-118.6,-1,0
1738678742.6850178,-2.8133495553907313,8.266816625323868,24.8004498759716,25.1995501240284,12.813349555390731,33.01,-118.6,-1,0
1738678742.7229383,-2.961828458850059,8.056692169953097,24.170076509859292,25.829923490140708,12.961828458850059,33.01,-118.6,-1,0
1738678742.7580876,-3.1102217682189135,7.829820062427287,23.48946018728186,26.51053981271814,13.110221768218913,33.01,-118.6,-1,0
1738678742.7875414,-3.2253137051149987,7.641296095191538,22.923888285574613,27.076111714425387,13.225313705115,33.01,-118.6,-1,0
1738678742.8265612,-3.3677750286586736,7.391371011211132,22.174113033633397,27.825886966366603,13.367775028658674,33.01,-118.6,-1,0
1738678742.863484,-3.5045171431332207,7.132561838073434,21.3976855142203,28.6023144857797,13.50451714313322,33.01,-118.6,-1,0
1738678742.9129128,-3.6699504630234747,6.791601754800935,20.374805264402802,29.625194735597198,13.669950463023476,33.01,-118.6,-1,0
1738678742.9290173,-3.730256812886703,6.658884023592043,19.976652070776126,30.023347929223874,13.730256812886703,33.01,-118.6,-1,0
1738678742.9973094,-3.943142763104964,6.148699098109435,18.446097294328304,31.553902705671696,13.943142763104964,33.01,-118.6,-1,0
1738678743.023438,-4.009613916422816,5.974276940761448,17.922830822284343,32.07716917771566,14.009613916422815,33.01,-118.6,-1,0
1738678743.0810401,-4.1876942812560465,5.463777669977211,16.391333009931632,33.60866699006837,14.187694281256046,33.01,-118.6,-1,0
1738678743.0935447,-4.228210430813564,5.337503743421403,16.01251123026421,33.98748876973579,14.228210430813565,33.01,-118.6,-1,0
1738678743.148318,-4.361940519012792,4.888138667670719,14.664416003012157,35.33558399698784,14.36194051901279,33.01,-118.6,-1,0
1738678743.1682577,-4.399213291142453,4.752650805197279,14.257952415591836,35.74204758440816,14.399213291142452,33.01,-118.6,-1,0
1738678743.2230043,-4.53087227445611,4.229040757696673,12.687122273090019,37.31287772690998,14.53087227445611,33.01,-118.6,-1,0
1738678743.236481,-4.564263469633852,4.082890632758095,12.248671898274283,37.75132810172572,14.564263469633852,33.01,-118.6,-1,0
1738678743.2920182,-4.669258256468784,3.5766058404012546,10.729817521203763,39.27018247879624,14.669258256468783,33.01,-118.6,-1,0
1738678743.3435783,-4.749333943693565,3.1265489545376592,9.379646863612978,40.620353136387024,14.749333943693564,33.01,-118.6,-1,0
1738678743.355573,-4.775283144239071,2.964234061167374,8.892702183502122,41.107297816497876,14.775283144239072,33.01,-118.6,-1,0
1738678743.4133673,-4.8504304161367635,2.427611812638369,7.282835437915106,42.717164562084896,14.850430416136764,33.01,-118.6,-1,0
1738678743.446726,-4.889206919965975,2.0934714650616284,6.280414395184884,43.719585604815116,14.889206919965975,33.01,-118.6,-1,0
1738678743.4873118,-4.926770413185159,1.7052076656681245,5.115622997004373,44.88437700299563,14.92677041318516,33.01,-118.6,-1,0
1738678743.5225005,-4.9536596105230295,1.358317287047218,4.0749518611416535,45.925048138858344,14.95365961052303,33.01,-118.6,-1,0
1738678743.559379,-4.975935742860863,0.9799254725124878,2.9397764175374634,47.060223582462534,14.975935742860862,33.01,-118.6,-1,0
1738678743.5915039,-4.987916312677839,0.6948117953008749,2.0844353859026246,47.91556461409738,14.98791631267784,33.01,-118.6,-1,0
1738678743.632621,-4.998128463633656,0.2735826092065941,0.8207478276197823,49.17925217238022,14.998128463633655,33.01,-118.6,-1,0
1738678743.6656322,-4.999854028117483,-0.07641197595605245,-0.22923592786815733,50.22923592786816,14.999854028117483,33.01,-118.6,-1,0
1738678743.7089808,-4.993901859236311,-0.493737664417523,-1.481212993252569,51.48121299325257,14.99390185923631,33.01,-118.6,-1,0
1738678743.7446814,-4.982308977375922,-0.8404695210637753,-2.5214085631913257,52.52140856319133,14.982308977375922,33.01,-118.6,-1,0
1738678743.7885273,-4.958159031570303,-1.2909825988878907,-3.872947796663672,53.872947796663674,14.958159031570304,33.01,-118.6,-1,0
1738678743.808461,-4.94828765185632,-1.4345024426417292,-4.303507327925187,54.30350732792519,14.948287651856319,33.01,-118.6,-1,0
1738678743.8571186,-4.903760941682863,-1.9525661339125926,-5.857698401737778,55.85769840173778,14.903760941682863,33.01,-118.6,-1,0
1738678743.8690863,-4.887481693248879,-2.109523830779895,-6.328571492339685,56.328571492339684,14.88748169324888,33.01,-118.6,-1,0
1738678743.924849,-4.829319037894423,-2.5905039125471196,-7.771511737641359,57.77151173764136,14.829319037894422,33.01,-118.6,-1,0
1738678743.9403503,-4.800744647183061,-2.794888786727074,-8.384666360181221,58.38466636018122,14.80074464718306,33.01,-118.6,-1,0
1738678743.9969256,-4.7149253040885295,-3.328350568594414,-9.985051705783242,59.98505170578324,14.71492530408853,33.01,-118.6,-1,0
1738678744.0078778,-4.692973006314248,-3.4502199129944215,-10.350659738983264,60.35065973898327,14.692973006314247,33.01,-118.6,-1,0
1738678744.0562015,-4.613684613239563,-3.854303718990761,-11.562911156972282,61.562911156972284,14.613684613239563,33.01,-118.6,-1,0
1738678744.0892606,-4.543457630467668,-4.174682148449207,-12.52404644534762,62.52404644534762,14.543457630467667,33.01,-118.6,-1,0
1738678744.1265924,-4.465108394384099,-4.500136454109212,-13.500409362327636,63.50040936232764,14.4651083943841,33.01,-118.6,-1,0
1738678744.1594052,-4.390924209344107,-4.783214228025261,-14.349642684075782,64.34964268407577,14.390924209344107,33.01,-118.6,-1,0
1738678744.1975281,-4.298653054473785,-5.107477622961534,-15.3224328688846,65.3224328688846,14.298653054473785,33.01,-118.6,-1,0
1738678744.2331228,-4.198474467855608,-5.430584551506246,-16.291753654518736,66.29175365451874,14.198474467855608,33.01,-118.6,-1,0
1738678744.2783792,-4.068787972555307,-5.8120441961118186,-17.436132588335454,67.43613258833545,14.068787972555306,33.01,-118.6,-1,0
1738678744.290854,-4.029189294255433,-5.921362556391023,-17.76408766917307,67.76408766917307,14.029189294255433,33.01,-118.6,-1,0
1738678744.3375697,-3.890149459567352,-6.282272576775966,-18.8468177303279,68.8468177303279,13.890149459567352,33.01,-118.6,-1,0
1738678744.3564413,-3.8466592367504564,-6.388493630370902,-19.165480891112704,69.16548089111271,13.846659236750456,33.01,-118.6,-1,0
1738678744.4099424,-3.6536255133158453,-6.826718277019355,-20.480154831058066,70.48015483105806,13.653625513315845,33.01,-118.6,-1,0
1738678744.4211812,-3.6091109863652076,-6.920785472212806,-20.76235641663842,70.76235641663843,13.609110986365208,33.01,-118.6,-1,0
1738678744.475449,-3.437680130234331,-7.261502688064523,-21.784508064193567,71.78450806419357,13.43768013023433,33.01,-118.6,-1,0
1738678744.4875717,-3.3712305104422584,-7.385067324124602,-22.155201972373806,72.1552019723738,13.371230510442258,33.01,-118.6,-1,0
1738678744.5368989,-3.1961738978770518,-7.690116361806085,-23.070349085418258,73.07034908541826,13.196173897877053,33.01,-118.6,-1,0
1738678744.5693223,-3.061703605420443,-7.905939800569053,-23.71781940170716,73.71781940170716,13.061703605420444,33.01,-118.6,-1,0
1738678744.6027746,-2.9317526781922716,-8.100574358380383,-24.30172307514115,74.30172307514115,12.931752678192272,33.01,-118.6,-1,0
1738678744.6525836,-2.7265133852171077,-8.382392202762155,-25.14717660828647,75.14717660828647,12.726513385217107,33.01,-118.6,-1,0
1738678744.6881351,-2.5815388344884447,-8.564031117652023,-25.69209335295607,75.69209335295608,12.581538834488445,33.01,-118.6,-1,0
1738678744.7203476,-2.446836524921431,-8.720777722270054,-26.16233316681016,76.16233316681016,12.44683652492143,33.01,-118.6,-1,0
1738678744.7518628,-2.3100489565816993,-8.868748235956595,-26.606244707869784,76.60624470786979,12.3100489565817,33.01,-118.6,-1,0
1738678744.7881868,-2.1366058917622768,-9.040998896866812,-27.122996690600438,77.12299669060044,12.136605891762276,33.01,-118.6,-1,0
1738678744.8210783,-1.9800720776739769,-9.182442935780404,-27.547328807341213,77.54732880734122,11.980072077673977,33.01,-118.6,-1,0
1738678744.8618395,-1.8009731065953782,-9.328771809690746,-27.986315429072242,77.98631542907225,11.800973106595379,33.01,-118.6,-1,0
1738678744.893045,-1.646749782551564,-9.442079252721062,-28.32623775816318,78.32623775816319,11.646749782551565,33.01,-118.6,-1,0
1738678744.943573,-1.426225656925414,-9.584545972664051,-28.753637917992155,78.75363791799215,11.426225656925414,33.01,-118.6,-1,0
1738678744.9671948,-1.3327442620286947,-9.638214094328802,-28.914642282986406,78.9146422829864,11.332744262028694,33.01,-118.6,-1,0
1738678745.0209863,-1.037991849766315,-9.782141466942441,-29.346424400827324,79.34642440082732,11.037991849766314,33.01,-118.6,-1,0
1738678745.0392156,-0.9595968481981119,-9.81410696679596,-29.44232090038788,79.44232090038788,10.959596848198112,33.01,-118.6,-1,0
1738678745.0972757,-0.6612204454324018,-9.912171815004454,-29.736515445013364,79.73651544501337,10.661220445432402,33.01,-118.6,-1,0
1738678745.1111982,-0.5843256052416554,-9.931477953871513,-29.794433861614536,79.79443386161454,10.584325605241656,33.01,-118.6,-1,0
1738678745.1682954,-0.31139771539466665,-9.980587450214939,-29.941762350644815,79.94176235064481,10.311397715394667,33.01,-118.6,-1,0
1738678745.182918,-0.23073641626876876,-9.98934646635253,-29.96803939905759,79.96803939905759,10.230736416268769,33.01,-118.6,-1,0
1738678745.2382295,0.037936205315021676,-9.999712164722801,-29.999136494168404,79.9991364941684,9.962063794684978,33.01,-118.6,-1,0
1738678745.2521822,0.11924507141873118,-9.99715571809149,-29.991467154274467,79.99146715427446,9.880754928581268,33.01,-118.6,-1,0
1738678745.3079472,0.38771828217991533,-9.969889574847548,-29.909668724542644,79.90966872454264,9.612281717820085,33.01,-118.6,-1,0
1738678745.326164,0.46732958042607403,-9.956224799241687,-29.86867439772506,79.86867439772506,9.532670419573925,33.01,-118.6,-1,0
1738678745.3795552,0.7480333101550276,-9.887455924938125,-29.662367774814378,79.66236777481438,9.251966689844972,33.01,-118.6,-1,0
1738678745.3931167,0.8225907955584923,-9.863740544653929,-29.591221633961787,79.5912216339618,9.177409204441508,33.01,-118.6,-1,0
1738678745.44714,1.0752667108934957,-9.766023039179109,-29.298069117537324,79.29806911753732,8.924733289106504,33.01,-118.6,-1,0
1738678745.459098,1.1481067458394567,-9.732800398684427,-29.198401196053283,79.19840119605328,8.851893254160544,33.01,-118.6,-1,0
1738678745.5144598,1.4016029341086806,-9.59906437421855,-28.797193122655646,78.79719312265564,8.59839706589132,33.01,-118.6,-1,0
1738678745.5504663,1.587545016114025,-9.482552572342854,-28.447657717028562,78.44765771702856,8.412454983885976,33.01,-118.6,-1,0
1738678745.5996504,1.7673152481675694,-9.354484873812005,-28.063454621436016,78.06345462143602,8.23268475183243,33.01,-118.6,-1,0
1738678745.6368694,1.9744868962427644,-9.18725236326196,-27.56175708978588,77.56175708978589,8.025513103757236,33.01,-118.6,-1,0
1738678745.6895258,2.2177253647964963,-8.962520673636016,-26.88756202090805,76.88756202090805,7.782274635203503,33.01,-118.6,-1,0
1738678745.7064657,2.2918440469649686,-8.887620798479475,-26.662862395438427,76.66286239543842,7.708155953035032,33.01,-118.6,-1,0
1738678745.7649713,2.53068114904681,-8.624535447630583,-25.87360634289175,75.87360634289175,7.46931885095319,33.01,-118.6,-1,0
1738678745.7816405,2.615958420461576,-8.522150325455701,-25.5664509763671,75.5664509763671,7.384041579538424,33.01,-118.6,-1,0
1738678745.839408,2.855053475160716,-8.209426205033509,-24.628278615100527,74.62827861510053,7.144946524839284,33.01,-118.6,-1,0
1738678745.854822,2.9259334665677645,-8.108985966005552,-24.32695789801665,74.32695789801664,7.0740665334322355,33.01,-118.6,-1,0
1738678745.9091787,3.135620806164251,-7.789193067308026,-23.367579201924077,73.36757920192407,6.864379193835749,33.01,-118.6,-1,0
1738678745.9224176,3.2011426712886126,-7.681844986213978,-23.045534958641934,73.04553495864194,6.798857328711387,33.01,-118.6,-1,0
1738678745.9776719,3.3979574057627,-7.335907706241246,-22.00772311872374,72.00772311872373,6.6020425942373,33.01,-118.6,-1,0
1738678745.9893365,3.4493078646367943,-7.239413030061142,-21.718239090183424,71.71823909018343,6.550692135363206,33.01,-118.6,-1,0
1738678746.0489395,3.6440742472647774,-6.8471082598193655,-20.541324779458098,70.5413247794581,6.355925752735223,33.01,-118.6,-1,0
1738678746.05999,3.7016417973784685,-6.722454314876583,-20.16736294462975,70.16736294462976,6.2983582026215315,33.01,-118.6,-1,0
1738678746.1165617,3.870330868127063,-6.331046981731477,-18.993140945194433,68.99314094519443,6.129669131872937,33.01,-118.6,-1,0
1738678746.127735,3.9172175859913283,-6.214629959700021,-18.643889879100062,68.64388987910006,6.082782414008672,33.01,-118.6,-1,0
1738678746.1813364,4.0706730535780675,-5.806761882796094,-17.420285648388283,67.42028564838829,5.9293269464219325,33.01,-118.6,-1,0
1738678746.2008417,4.11013742470627,-5.694478149937502,-17.083434449812504,67.0834344498125,5.88986257529373,33.01,-118.6,-1,0
1738678746.2611804,4.255022517592871,-5.251583903843726,-15.754751711531178,65.75475171153118,5.744977482407129,33.01,-118.6,-1,0
1738678746.2732325,4.324136670773121,-5.020693996839541,-15.062081990518625,65.06208199051862,5.675863329226879,33.01,-118.6,-1,0
1738678746.3300831,4.452632831239617,-4.549312418450539,-13.647937255351618,63.64793725535162,5.547367168760383,33.01,-118.6,-1,0
1738678746.3407974,4.486709056536275,-4.41336236536062,-13.240087096081862,63.240087096081865,5.513290943463725,33.01,-118.6,-1,0
1738678746.4006467,4.601406425679052,-3.9125740405618057,-11.737722121685417,61.737722121685415,5.398593574320948,33.01,-118.6,-1,0
1738678746.4136014,4.631125626203856,-3.769708441945049,-11.309125325835147,61.30912532583515,5.368874373796144,33.01,-118.6,-1,0
1738678746.4694245,4.725560204316294,-3.2674643106740393,-9.802392932022117,59.802392932022116,5.274439795683706,33.01,-118.6,-1,0
1738678746.4840183,4.752810110300134,-3.1053476812935656,-9.316043043880697,59.3160430438807,5.247189889699866,33.01,-118.6,-1,0
1738678746.540138,4.8306822290739575,-2.5803171911290805,-7.740951573387242,57.74095157338724,5.1693177709260425,33.01,-118.6,-1,0
1738678746.5541692,4.850638525109712,-2.4259479786025757,-7.277843935807727,57.277843935807724,5.149361474890288,33.01,-118.6,-1,0
1738678746.6078818,4.906943790550466,-1.9203152203513127,-5.760945661053938,55.76094566105394,5.093056209449534,33.01,-118.6,-1,0
1738678746.6208446,4.9216210635425535,-1.7636849003087431,-5.29105470092623,55.29105470092623,5.0783789364574465,33.01,-118.6,-1,0
1738678746.6735997,4.958687840767458,-1.282832643527547,-3.848497930582641,53.84849793058264,5.041312159232542,33.01,-118.6,-1,0
1738678746.686093,4.968908581285484,-1.1134585952382567,-3.34037578571477,53.34037578571477,5.031091418714516,33.01,-118.6,-1,0
1738678746.7419503,4.990490184654254,-0.616466436619371,-1.849399309858113,51.849399309858114,5.009509815345746,33.01,-118.6,-1,0
1738678746.753991,4.9948887291090225,-0.45204682863462364,-1.356140485903871,51.35614048590387,5.0051112708909775,33.01,-118.6,-1,0
1738678746.817479,4.999866316024275,0.07312514986903682,0.21937544960711047,49.780624550392886,5.000133683975725,33.01,-118.6,-1,0
1738678746.8365505,4.997703658476534,0.30303888892526804,0.9091166667758042,49.0908833332242,5.002296341523466,33.01,-118.6,-1,0
1738678746.8896408,4.980458769856019,0.8832450209636384,2.6497350628909153,47.35026493710909,5.019541230143981,33.01,-118.6,-1,0
1738678746.9035957,4.9727434287648,1.0427325480227336,3.1281976440682007,46.8718023559318,5.0272565712352,33.01,-118.6,-1,0
1738678746.955127,4.941590724875316,1.5240486971566902,4.572146091470071,45.427853908529926,5.058409275124684,33.01,-118.6,-1,0
1738678746.9929779,4.907006190845732,1.919677309343063,5.759031928029189,44.24096807197081,5.092993809154268,33.01,-118.6,-1,0
1738678747.0437374,4.85419609689764,2.3973153758850483,7.191946127655146,42.80805387234486,5.14580390310236,33.01,-118.6,-1,0
1738678747.0557687,4.8350678643622835,2.547248513208829,7.641745539626487,42.358254460373516,5.1649321356377165,33.01,-118.6,-1,0
1738678747.107136,4.769229226969195,3.0029669199795146,9.008900759938543,40.99109924006146,5.230770773030805,33.01,-118.6,-1,0
1738678747.1440513,4.7073172735168,3.3711505967253124,10.113451790175937,39.88654820982406,5.2926827264832,33.01,-118.6,-1,0
1738678747.1956468,4.616878740633988,3.8389741829201824,11.516922548760547,38.48307745123945,5.383121259366012,33.01,-118.6,-1,0
1738678747.2396793,4.526170602735754,4.249131522996511,12.747394568989533,37.252605431010466,5.473829397264246,33.01,-118.6,-1,0
1738678747.2786362,4.436668762466854,4.611277606976547,13.83383282092964,36.16616717907036,5.563331237533146,33.01,-118.6,-1,0
1738678747.3189616,4.339500338681923,4.967388372406359,14.902165117219077,35.09783488278092,5.660499661318077,33.01,-118.6,-1,0
1738678747.3591406,4.24153567009732,5.295044913612,15.885134740836001,34.114865259164,5.75846432990268,33.01,-118.6,-1,0
1738678747.3988,4.127309490242484,5.6445784153484215,16.933735246045263,33.06626475395474,5.872690509757516,33.01,-118.6,-1,0
1738678747.4381714,4.0151854986853,5.959290364178365,17.877871092535095,32.122128907464905,5.9848145013147,33.01,-118.6,-1,0
1738678747.4827952,3.896837050684889,6.265671871526468,18.797015614579404,31.202984385420596,6.103162949315111,33.01,-118.6,-1,0
1738678747.531386,3.7459679770264036,6.62351082586651,19.87053247759953,30.12946752240047,6.254032022973597,33.01,-118.6,-1,0
1738678747.568319,3.599170837822738,6.941460733928089,20.824382201784267,29.175617798215733,6.400829162177262,33.01,-118.6,-1,0
1738678747.6066766,3.4599653247068947,7.219041474275075,21.657124422825227,28.342875577174773,6.540034675293105,33.01,-118.6,-1,0
1738678747.6450002,3.3200299515248792,7.4772725297337415,22.431817589201223,27.568182410798777,6.679970048475121,33.01,-118.6,-1,0
1738678747.6979132,3.1269847433701985,7.803067708210666,23.409203124631997,26.590796875368003,6.8730152566298015,33.01,-118.6,-1,0
1738678747.7394779,2.947503205187299,8.07767908632439,24.233037258973166,25.766962741026834,7.052496794812701,33.01,-118.6,-1,0
1738678747.7736263,2.8120663214449952,8.268562874839814,24.805688624519444,25.194311375480556,7.187933678555005,33.01,-118.6,-1,0
1738678747.8104613,2.6618378447302433,8.465133026329084,25.395399078987253,24.604600921012747,7.338162155269757,33.01,-118.6,-1,0
1738678747.8441117,2.516178179465186,8.641492317692185,25.924476953076553,24.075523046923447,7.483821820534814,33.01,-118.6,-1,0
1738678747.8761513,2.3791787821363815,8.795341567587252,26.38602470276176,23.61397529723824,7.620821217863618,33.01,-118.6,-1,0
1738678747.933069,2.1374806066559473,9.040171824953267,27.120515474859804,22.879484525140196,7.862519393344053,33.01,-118.6,-1,0
1738678747.9467916,2.0516714298840224,9.119351806745401,27.3580554202362,22.6419445797638,7.948328570115978,33.01,-118.6,-1,0
1738678748.0038633,1.807020877384067,9.32409256682882,27.972277700486462,22.027722299513538,8.192979122615933,33.01,-118.6,-1,0
1738678748.017135,1.7242554468127766,9.386574061740838,28.159722185222513,21.840277814777487,8.275744553187224,33.01,-118.6,-1,0
1738678748.0658517,1.525882253619528,9.522958226956368,28.5688746808691,21.4311253191309,8.474117746380472,33.01,-118.6,-1,0
1738678748.081257,1.4303413799516416,9.582092367911725,28.746277103735174,21.253722896264826,8.569658620048358,33.01,-118.6,-1,0
1738678748.1400301,1.2005497723540006,9.707456977829107,29.12237093348732,20.87762906651268,8.799450227646,33.01,-118.6,-1,0
1738678748.1589677,1.076205772027937,9.76560927669211,29.29682783007633,20.70317216992367,8.923794227972063,33.01,-118.6,-1,0
1738678748.2136626,0.7938211433117037,9.873165245741873,29.619495737225623,20.380504262774377,9.206178856688297,33.01,-118.6,-1,0
1738678748.2258973,0.7139787717230385,9.897521773358998,29.692565320076994,20.307434679923006,9.286021228276962,33.01,-118.6,-1,0
1738678748.2805598,0.4575507759592655,9.958041431409908,29.874124294229727,20.125875705770273,9.542449224040734,33.01,-118.6,-1,0
1738678748.2946944,0.37405099179545903,9.971977909228807,29.915933727686422,20.084066272313578,9.625949008204541,33.01,-118.6,-1,0
1738678748.3462656,0.13823313178011967,9.996177589714632,29.988532769143895,20.011467230856105,9.861766868219881,33.01,-118.6,-1,0
1738678748.3602211,0.04857956322949161,9.999527994067806,29.998583982203417,20.001416017796583,9.951420436770508,33.01,-118.6,-1,0
1738678748.420263,-0.21636745105444236,9.990632637851158,29.971897913553477,20.028102086446523,10.216367451054442,33.01,-118.6,-1,0
1738678748.4643316,-0.4656315710864453,9.95654302255709,29.869629067671273,20.130370932328727,10.465631571086446,33.01,-118.6,-1,0
1738678748.5208755,-0.7315493605958688,9.892388090448488,29.677164271345465,20.322835728654535,10.731549360595869,33.01,-118.6,-1,0
1738678748.535352,-0.8256341684021085,9.862723400758425,29.588170202275275,20.411829797724725,10.82563416840211,33.01,-118.6,-1,0
1738678748.5912356,-1.0901208294985478,9.759433708385625,29.278301125156876,20.721698874843124,11.090120829498549,33.01,-118.6,-1,0
1738678748.6032658,-1.1657109005013808,9.724426583907611,29.17327975172283,20.82672024827717,11.16571090050138,33.01,-118.6,-1,0
1738678748.6604495,-1.4131589717554909,9.592284758189148,28.776854274567448,21.223145725432552,11.413158971755491,33.01,-118.6,-1,0
1738678748.671414,-1.4942154645151005,9.543022612485819,28.62906783745746,21.37093216254254,11.4942154645151,33.01,-118.6,-1,0
1738678748.7280834,-1.7383340362822048,9.376181478257088,28.128544434771264,21.871455565228736,11.738334036282204,33.01,-118.6,-1,0
1738678748.7485406,-1.8086210630193102,9.322851463024154,27.96855438907246,22.03144561092754,11.80862106301931,33.01,-118.6,-1,0
1738678748.815918,-2.1027090483018447,9.072731597085754,27.21819479125726,22.78180520874274,12.102709048301845,33.01,-118.6,-1,0
1738678748.852528,-2.3158938579072954,8.862648732496908,26.587946197490727,23.412053802509273,12.315893857907295,33.01,-118.6,-1,0
1738678748.9077463,-2.5355326711503565,8.618833812884233,25.856501438652696,24.143498561347304,12.535532671150357,33.01,-118.6,-1,0
1738678748.92069,-2.620903540948505,8.516070603052464,25.54821180915739,24.45178819084261,12.620903540948504,33.01,-118.6,-1,0
1738678748.978102,-2.831538534972017,8.24193897695646,24.725816930869378,25.274183069130622,12.831538534972017,33.01,-118.6,-1,0
1738678749.0215237,-3.0236209436795747,7.964349663077893,23.89304898923368,26.10695101076632,13.023620943679575,33.01,-118.6,-1,0
1738678749.056318,-3.1649052498611296,7.741672883660601,23.225018650981802,26.774981349018198,13.16490524986113,33.01,-118.6,-1,0
1738678749.0931444,-3.2966159334354694,7.518596514621432,22.555789543864297,27.444210456135703,13.296615933435469,33.01,-118.6,-1,0
1738678749.135402,-3.445596310495679,7.24647943903757,21.739438317112707,28.260561682887293,13.445596310495679,33.01,-118.6,-1,0
1738678749.1817675,-3.616551221250866,6.905232005970218,20.715696017910652,29.284303982089348,13.616551221250866,33.01,-118.6,-1,0
1738678749.2237582,-3.7519443307989118,6.609966335341174,19.829899006023524,30.170100993976476,13.751944330798912,33.01,-118.6,-1,0
1738678749.2713175,-3.9110693766255036,6.2300999450160335,18.6902998350481,31.3097001649519,13.911069376625504,33.01,-118.6,-1,0
1738678749.3116233,-4.039855242053839,5.8922218638642985,17.676665591592897,32.323334408407106,14.03985524205384,33.01,-118.6,-1,0
1738678749.3485034,-4.145510239950188,5.590973028183244,16.77291908454973,33.22708091545027,14.145510239950188,33.01,-118.6,-1,0
1738678749.3873844,-4.2524326417772205,5.259968299200143,15.779904897600428,34.22009510239957,14.25243264177722,33.01,-118.6,-1,0
1738678749.4277887,-4.348727238394041,4.935006142265576,14.805018426796726,35.19498157320327,14.34872723839404,33.01,-118.6,-1,0
1738678749.473262,-4.440641885220519,4.595954589516808,13.787863768550423,36.21213623144958,14.440641885220519,33.01,-118.6,-1,0
1738678749.5193682,-4.545703112470806,4.164892898153917,12.49467869446175,37.505321305538246,14.545703112470806,33.01,-118.6,-1,0
1738678749.5600958,-4.640127404739442,3.725167200427926,11.175501601283779,38.82449839871622,14.640127404739442,33.01,-118.6,-1,0
1738678749.5995731,-4.707108157163434,3.3723183697660937,10.116955109298281,39.88304489070172,14.707108157163434,33.01,-118.6,-1,0
1738678749.6379414,-4.771750793136798,2.9869009814175875,8.960702944252763,41.03929705574724,14.771750793136798,33.01,-118.6,-1,0
1738678749.6782906,-4.828602897364695,2.5958382534828917,7.7875147604486745,42.21248523955133,14.828602897364695,33.01,-118.6,-1,0
1738678749.7153447,-4.873545958058819,2.234770498005151,6.704311494015452,43.29568850598455,14.87354595805882,33.01,-118.6,-1,0
1738678749.7525892,-4.911768156022735,1.8703300045510889,5.610990013653267,44.389009986346736,14.911768156022735,33.01,-118.6,-1,0
1738678749.8042123,-4.952112039666837,1.3807046702126464,4.142114010637939,45.85788598936206,14.952112039666837,33.01,-118.6,-1,0
1738678749.844668,-4.976697894575976,0.9643195862846592,2.8929587588539776,47.10704124114602,14.976697894575976,33.01,-118.6,-1,0
1738678749.8946455,-4.9939613584364375,0.49132453813623433,1.473973614408703,48.526026385591294,14.993961358436437,33.01,-118.6,-1,0
1738678749.9342735,-4.999878729719635,0.06964734301233849,0.20894202903701548,49.79105797096298,14.999878729719635,33.01,-118.6,-1,0
1738678749.9926958,-4.994483541355169,-0.46961326698603667,-1.40883980095811,51.40883980095811,14.99448354135517,33.01,-118.6,-1,0
1738678750.0066502,-4.989464064478553,-0.648840039692859,-1.9465201190785768,51.94652011907858,14.989464064478554,33.01,-118.6,-1,0
1738678750.0759065,-4.9579640130929405,-1.2939750304783157,-3.881925091434947,53.881925091434944,14.95796401309294,33.01,-118.6,-1,0
1738678750.0893867,-4.945236197032291,-1.4759931647017916,-4.427979494105375,54.42797949410537,14.94523619703229,33.01,-118.6,-1,0
1738678750.1489716,-4.895043105516922,-2.0381884065328766,-6.114565219598631,56.11456521959863,14.895043105516923,33.01,-118.6,-1,0
1738678750.1731713,-4.8635514370659845,-2.3202305221795516,-6.960691566538655,56.96069156653866,14.863551437065984,33.01,-118.6,-1,0
1738678750.247713,-4.782512346210001,-2.91724229939778,-8.75172689819334,58.75172689819334,14.782512346210002,33.01,-118.6,-1,0
1738678750.2626646,-4.7415343417251465,-3.1735482263492267,-9.52064467904768,59.52064467904768,14.741534341725146,33.01,-118.6,-1,0
1738678750.3300905,-4.6353986530613165,-3.748642061972489,-11.245926185917467,61.24592618591747,14.635398653061316,33.01,-118.6,-1,0
1738678750.346562,-4.593858678884316,-3.947891811303472,-11.843675433910416,61.84367543391042,14.593858678884317,33.01,-118.6,-1,0
1738678750.4126155,-4.460307312262722,-4.519140927289475,-13.557422781868423,63.557422781868425,14.46030731226272,33.01,-118.6,-1,0
1738678750.4274473,-4.4163051615942885,-4.688815935681689,-14.06644780704507,64.06644780704507,14.416305161594288,33.01,-118.6,-1,0
1738678750.496263,-4.262474088947486,-5.2273567473633555,-15.682070242090067,65.68207024209006,14.262474088947485,33.01,-118.6,-1,0
1738678750.5122166,-4.202785390878544,-5.417229904007353,-16.25168971202206,66.25168971202206,14.202785390878544,33.01,-118.6,-1,0
1738678750.593173,-3.9913802700436944,-6.022917412651754,-18.068752237955263,68.06875223795527,13.991380270043695,33.01,-118.6,-1,0
1738678750.6043863,-3.93640354293066,-6.165947501301953,-18.497842503905858,68.49784250390586,13.936403542930659,33.01,-118.6,-1,0
1738678750.6655083,-3.759705612277041,-6.592302696027396,-19.776908088082187,69.7769080880822,13.759705612277042,33.01,-118.6,-1,0
1738678750.6858997,-3.703296408498624,-6.718808141568321,-20.156424424704962,70.15642442470497,13.703296408498623,33.01,-118.6,-1,0
1738678750.7459579,-3.4898303592201763,-7.1613082782031325,-21.483924834609397,71.4839248346094,13.489830359220177,33.01,-118.6,-1,0
1738678750.7589152,-3.42134753800146,-7.292292101722571,-21.876876305167713,71.87687630516771,13.42134753800146,33.01,-118.6,-1,0
1738678750.8191037,-3.2108825506308145,-7.665568014453868,-22.996704043361603,72.9967040433616,13.210882550630814,33.01,-118.6,-1,0
1738678750.8345459,-3.14573621638474,-7.772861418274591,-23.318584254823772,73.31858425482378,13.14573621638474,33.01,-118.6,-1,0
1738678750.896359,-2.896205188719097,-8.151563164163443,-24.45468949249033,74.45468949249033,12.896205188719097,33.01,-118.6,-1,0
1738678750.9424412,-2.725755169462232,-8.383378497038033,-25.1501354911141,75.1501354911141,12.725755169462232,33.01,-118.6,-1,0
1738678750.9843097,-2.5268300861219606,-8.629050866895822,-25.887152600687465,75.88715260068747,12.526830086121961,33.01,-118.6,-1,0
1738678751.0408058,-2.289461212173175,-8.890077020578515,-26.670231061735542,76.67023106173554,12.289461212173176,33.01,-118.6,-1,0
1738678751.0521052,-2.2141542989716863,-8.966051692990666,-26.898155078972,76.898155078972,12.214154298971685,33.01,-118.6,-1,0
1738678751.1095164,-1.9702128395255825,-9.19092190522116,-27.57276571566348,77.57276571566348,11.970212839525583,33.01,-118.6,-1,0
1738678751.1236782,-1.8823099282006537,-9.264320662454912,-27.792961987364734,77.79296198736473,11.882309928200653,33.01,-118.6,-1,0
1738678751.1842647,-1.6198513700887402,-9.460672605860882,-28.382017817582643,78.38201781758264,11.61985137008874,33.01,-118.6,-1,0
1738678751.219588,-1.4397688019504906,-9.576443138646008,-28.729329415938025,78.72932941593803,11.43976880195049,33.01,-118.6,-1,0
1738678751.2540567,-1.2731396044420682,-9.67039100504237,-29.01117301512711,79.01117301512711,11.273139604442068,33.01,-118.6,-1,0
1738678751.2909482,-1.0919111336066445,-9.758633116642075,-29.275899349926224,79.27589934992622,11.091911133606644,33.01,-118.6,-1,0
1738678751.3342817,-0.9272806177724486,-9.826525460385994,-29.479576381157983,79.47957638115798,10.927280617772448,33.01,-118.6,-1,0
1738678751.371266,-0.7038570521249571,-9.90042125369905,-29.70126376109715,79.70126376109715,10.703857052124958,33.01,-118.6,-1,0
1738678751.4089918,-0.5166492494717398,-9.94647144529562,-29.83941433588686,79.83941433588686,10.51664924947174,33.01,-118.6,-1,0
1738678751.4516551,-0.30906127315463977,-9.980877943234459,-29.94263382970338,79.94263382970338,10.30906127315464,33.01,-118.6,-1,0
1738678751.4908879,-0.1109339349071082,-9.997538429450726,-29.99261528835218,79.99261528835218,10.110933934907107,33.01,-118.6,-1,0
1738678751.5325792,0.08779221721375247,-9.998458386490729,-29.995375159472186,79.99537515947219,9.912207782786247,33.01,-118.6,-1,0
1738678751.5704737,0.2896251246372575,-9.983209361158135,-29.949628083474405,79.94962808347441,9.710374875362742,33.01,-118.6,-1,0
1738678751.6130822,0.4570155160717072,-9.958139749585705,-29.874419248757114,79.8744192487571,9.542984483928294,33.01,-118.6,-1,0
1738678751.6716187,0.7765361172230268,-9.878662188504714,-29.635986565514145,79.63598656551414,9.223463882776974,33.01,-118.6,-1,0
1738678751.6843052,0.8609777952554641,-9.850627845183684,-29.551883535551056,79.55188353555106,9.139022204744537,33.01,-118.6,-1,0
1738678751.750468,1.157803757860159,-9.728204450623947,-29.184613351871842,79.18461335187185,8.842196242139842,33.01,-118.6,-1,0
1738678751.767343,1.2555400228039502,-9.679590745715949,-29.038772237147843,79.03877223714784,8.74445997719605,33.01,-118.6,-1,0
1738678751.8313785,1.5330779501872416,-9.518334307776689,-28.55500292333007,78.55500292333006,8.466922049812759,33.01,-118.6,-1,0
1738678751.880513,1.7925915283462366,-9.335226962961599,-28.005680888884793,78.0056808888848,8.207408471653764,33.01,-118.6,-1,0
1738678751.9231427,1.9862065271997595,-9.17714195843326,-27.531425875299785,77.53142587529979,8.013793472800241,33.01,-118.6,-1,0
1738678751.9649258,2.1853652611428633,-8.994260097504403,-26.982780292513212,76.98278029251321,7.814634738857137,33.01,-118.6,-1,0
1738678752.0255718,2.435748328975242,-8.73318500385611,-26.199555011568332,76.19955501156834,7.564251671024758,33.01,-118.6,-1,0
1738678752.04913,2.5194204753716365,-8.637712768616042,-25.91313830584813,75.91313830584812,7.4805795246283635,33.01,-118.6,-1,0
1738678752.110055,2.7902516630402237,-8.298071018472008,-24.89421305541602,74.89421305541602,7.209748336959777,33.01,-118.6,-1,0
1738678752.155745,2.9986388946204507,-8.002040934578988,-24.006122803736964,74.00612280373696,7.00136110537955,33.01,-118.6,-1,0
1738678752.1937642,3.1173794657259704,-7.818425740945568,-23.455277222836706,73.45527722283671,6.88262053427403,33.01,-118.6,-1,0
1738678752.2379773,3.3155316211138617,-7.485252185302533,-22.4557565559076,72.4557565559076,6.684468378886138,33.01,-118.6,-1,0
1738678752.2831907,3.474434742725263,-7.191189948414277,-21.573569845242833,71.57356984524283,6.525565257274737,33.01,-118.6,-1,0
1738678752.3234482,3.6241102111490746,-6.889361415238718,-20.668084245716155,70.66808424571616,6.375889788850925,33.01,-118.6,-1,0
1738678752.3784692,3.7765478920509503,-6.553681719169927,-19.661045157509783,69.66104515750979,6.22345210794905,33.01,-118.6,-1,0
1738678752.393014,3.8565636861693258,-6.364563310870608,-19.093689932611824,69.09368993261182,6.143436313830675,33.01,-118.6,-1,0
1738678752.4548357,4.029639413037545,-5.9201372284413925,-17.760411685324176,67.76041168532417,5.970360586962455,33.01,-118.6,-1,0
1738678752.470754,4.0880665741954,-5.757677200033458,-17.273031600100374,67.27303160010038,5.9119334258046,33.01,-118.6,-1,0
1738678752.533798,4.251053432970524,-5.264425784462925,-15.793277353388774,65.79327735338877,5.748946567029476,33.01,-118.6,-1,0
1738678752.5467584,4.297367047769722,-5.111804556804941,-15.335413670414823,65.33541367041482,5.702632952230278,33.01,-118.6,-1,0
1738678752.6086965,4.440282074223356,-4.597344929991974,-13.792034789975922,63.79203478997592,5.559717925776644,33.01,-118.6,-1,0
1738678752.6480832,4.534292015121729,-4.214354480393564,-12.643063441180693,62.64306344118069,5.465707984878271,33.01,-118.6,-1,0
1738678752.6870122,4.609140922228132,-3.875987594945063,-11.627962784835189,61.62796278483519,5.390859077771868,33.01,-118.6,-1,0
1738678752.7319586,4.692312008225468,-3.4538141336575,-10.3614424009725,60.3614424009725,5.307687991774532,33.01,-118.6,-1,0
1738678752.7724245,4.746214662399636,-3.1454388427834434,-9.43631652835033,59.43631652835033,5.253785337600364,33.01,-118.6,-1,0
1738678752.8128273,4.816786695286923,-2.682212468919558,-8.046637406758673,58.04663740675868,5.183213304713077,33.01,-118.6,-1,0
1738678752.8492906,4.863664946490103,-2.3192785846322326,-6.957835753896697,56.957835753896696,5.136335053509897,33.01,-118.6,-1,0
1738678752.8869863,4.9034142184637926,-1.9560460139445766,-5.8681380418337294,55.86813804183373,5.0965857815362074,33.01,-118.6,-1,0
1738678752.9172478,4.93121650601752,-1.6530018400236082,-4.959005520070825,54.959005520070825,5.06878349398248,33.01,-118.6,-1,0
1738678752.9602954,4.962754263650483,-1.218310500026902,-3.654931500080706,53.65493150008071,5.037245736349517,33.01,-118.6,-1,0
1738678753.0024772,4.9838563407483205,-0.8029345546998434,-2.4088036640995303,52.40880366409953,5.0161436592516795,33.01,-118.6,-1,0
1738678753.0548565,4.996513346460793,-0.3733865484409665,-1.1201596453228997,51.1201596453229,5.003486653539207,33.01,-118.6,-1,0
1738678753.0945182,4.999658997347235,0.11678887352550696,0.3503666205765209,49.64963337942348,5.000341002652765,33.01,-118.6,-1,0
1738678753.1379166,4.993083721434422,0.5257944493681495,1.5773833481044484,48.42261665189555,5.006916278565578,33.01,-118.6,-1,0
1738678753.17423,4.9789354546763995,0.9169552620849507,2.750865786254852,47.24913421374515,5.0210645453236005,33.01,-118.6,-1,0
1738678753.2093945,4.959731016970383,1.266598972527499,3.799796917582497,46.2002030824175,5.040268983029617,33.01,-118.6,-1,0
1738678753.24074,4.940119879038472,1.5430043172057664,4.629012951617299,45.3709870483827,5.059880120961528,33.01,-118.6,-1,0
1738678753.2769668,4.907178720419817,1.9179124128686678,5.7537372386060035,44.24626276139399,5.092821279580183,33.01,-118.6,-1,0
1738678753.3186162,4.862492732907731,2.329089455061355,6.987268365184065,43.012731634815935,5.137507267092269,33.01,-118.6,-1,0
1738678753.3574607,4.814622556927653,2.6977098689988335,8.0931296069965,41.9068703930035,5.185377443072347,33.01,-118.6,-1,0
1738678753.3975096,4.755331405908503,3.0898693952853455,9.269608185856036,40.730391814143964,5.244668594091497,33.01,-118.6,-1,0
1738678753.44348,4.692284901564476,3.453961437277522,10.361884311832565,39.63811568816743,5.307715098435524,33.01,-118.6,-1,0
1738678753.480604,4.610819293511932,3.8679945411430587,11.603983623429176,38.39601637657083,5.389180706488068,33.01,-118.6,-1,0
1738678753.523581,4.525687892276549,4.251187646623679,12.753562939871038,37.24643706012896,5.474312107723451,33.01,-118.6,-1,0
1738678753.5781796,4.404130224534378,4.73440047538979,14.20320142616937,35.79679857383063,5.595869775465622,33.01,-118.6,-1,0
1738678753.5916553,4.3659653552883775,4.873744563032259,14.621233689096778,35.378766310903224,5.6340346447116225,33.01,-118.6,-1,0
1738678753.6587136,4.216705206498213,5.37378719395953,16.121361581878592,33.87863841812141,5.783294793501787,33.01,-118.6,-1,0
1738678753.676651,4.1510922029110775,5.574381947061346,16.723145841184035,33.276854158815965,5.8489077970889225,33.01,-118.6,-1,0
1738678753.7377884,3.9958766122422773,6.0109799865696365,18.03293995970891,31.96706004029109,6.004123387757723,33.01,-118.6,-1,0
1738678753.7506702,3.9270664894560623,6.189716887674665,18.569150663023997,31.430849336976003,6.072933510543938,33.01,-118.6,-1,0
1738678753.808917,3.755432573133573,6.602037924352555,19.806113773057664,30.193886226942336,6.244567426866427,33.01,-118.6,-1,0
1738678753.8208406,3.6971892178005668,6.732248328093441,20.196744984280322,29.803255015719678,6.302810782199433,33.01,-118.6,-1,0
1738678753.8752315,3.5198542126502064,7.10228873580583,21.306866207417492,28.693133792582508,6.480145787349794,33.01,-118.6,-1,0
1738678753.9145508,3.3663899048683583,7.39389451058112,22.18168353174336,27.81831646825664,6.633610095131642,33.01,-118.6,-1,0
1738678753.9680746,3.183486305417831,7.711138681989095,23.133416045967284,26.866583954032716,6.816513694582169,33.01,-118.6,-1,0
1738678754.0113795,2.997787135530125,8.003317384697445,24.009952154092336,25.990047845907664,7.002212864469875,33.01,-118.6,-1,0
1738678754.0537028,2.828991836257877,8.245436359680738,24.736309079042215,25.263690920957785,7.171008163742123,33.01,-118.6,-1,0
1738678754.094916,2.6623749455392915,8.464457371707807,25.39337211512342,24.60662788487658,7.337625054460709,33.01,-118.6,-1,0
1738678754.1604166,2.4390230426147053,8.729528417410531,26.188585252231594,23.811414747768406,7.560976957385295,33.01,-118.6,-1,0
1738678754.1760232,2.2988951129440367,8.880333610778825,26.641000832336477,23.358999167663523,7.701104887055964,33.01,-118.6,-1,0
1738678754.2415245,2.034854344763918,9.134411375802035,27.403234127406105,22.596765872593895,7.965145655236082,33.01,-118.6,-1,0
1738678754.2584674,1.9361862980612423,9.219800999848077,27.659402999544234,22.340597000455766,8.063813701938757,33.01,-118.6,-1,0
1738678754.3173218,1.6803827006475467,9.41834677199018,28.255040315970536,21.744959684029464,8.319617299352453,33.01,-118.6,-1,0
1738678754.3308086,1.581547947344222,9.48656019645715,28.45968058937145,21.54031941062855,8.418452052655779,33.01,-118.6,-1,0
1738678754.3933327,1.3196628899797762,9.645411314570307,28.93623394371092,21.06376605628908,8.680337110020224,33.01,-118.6,-1,0
1738678754.4171119,1.2156447975888365,9.699939737152018,29.099819211456058,20.900180788543942,8.784355202411163,33.01,-118.6,-1,0
1738678754.4773645,0.9158001626626713,9.830831106690223,29.492493320070665,20.507506679929335,9.084199837337328,33.01,-118.6,-1,0
1738678754.4920733,0.8152806946741197,9.866167926584604,29.598503779753813,20.401496220246187,9.18471930532588,33.01,-118.6,-1,0
1738678754.5512507,0.5424072832795643,9.94098472769077,29.822954183072312,20.177045816927688,9.457592716720436,33.01,-118.6,-1,0
1738678754.5642846,0.4439370265494791,9.960505994468033,29.8815179834041,20.1184820165959,9.556062973450521,33.01,-118.6,-1,0
1738678754.629766,0.1469095475340792,9.995682584965039,29.987047754895112,20.012952245104888,9.85309045246592,33.01,-118.6,-1,0
1738678754.6647801,-0.04808900231863057,9.99953747887491,29.998612436624732,20.001387563375268,10.04808900231863,33.01,-118.6,-1,0
1738678754.725009,-0.3386520758620196,9.977036588389229,29.931109765167687,20.068890234832313,10.33865207586202,33.01,-118.6,-1,0
1738678754.7364933,-0.4187935932372105,9.96486064654463,29.89458193963389,20.10541806036611,10.418793593237211,33.01,-118.6,-1,0
1738678754.79213,-0.6803566969487569,9.906990413827396,29.720971241482186,20.279028758517814,10.680356696948756,33.01,-118.6,-1,0
1738678754.8135827,-0.7520253613508048,9.886244556126496,29.658733668379487,20.341266331620513,10.752025361350805,33.01,-118.6,-1,0
1738678754.8740962,-1.0831784838990723,9.76252515940791,29.28757547822373,20.71242452177627,11.083178483899072,33.01,-118.6,-1,0
1738678754.9161155,-1.2899521882310292,9.661474701530398,28.9844241045912,21.0155758954088,11.289952188231029,33.01,-118.6,-1,0
1738678754.9699957,-1.538911705593962,9.514567938143252,28.543703814429755,21.456296185570245,11.538911705593963,33.01,-118.6,-1,0
1738678754.981044,-1.6197181030990546,9.460763873280678,28.382291619842032,21.617708380157968,11.619718103099055,33.01,-118.6,-1,0
1738678755.0383034,-1.8692350946909262,9.274903807754733,27.824711423264194,22.175288576735806,11.869235094690927,33.01,-118.6,-1,0
1738678755.0502849,-1.9385998470262389,9.217772102435566,27.653316307306696,22.346683692693304,11.93859984702624,33.01,-118.6,-1,0
1738678755.1287858,-2.2109278007647473,8.969235922820975,26.907707768462924,23.092292231537076,12.210927800764747,33.01,-118.6,-1,0
1738678755.1417441,-2.3426841968979715,8.834439598209839,26.503318794629518,23.496681205370482,12.342684196897972,33.01,-118.6,-1,0
1738678755.2019947,-2.593655982896847,8.549373928512752,25.648121785538258,24.351878214461742,12.593655982896847,33.01,-118.6,-1,0
1738678755.2139556,-2.659499774773384,8.468072023307387,25.404216069922164,24.595783930077836,12.659499774773384,33.01,-118.6,-1,0
1738678755.274518,-2.8973399109478337,8.149950046577905,24.449850139733716,25.550149860266284,12.897339910947833,33.01,-118.6,-1,0
1738678755.2860553,-2.9593062310934366,8.06039865778649,24.18119597335947,25.81880402664053,12.959306231093436,33.01,-118.6,-1,0
1738678755.3437696,-3.1737241076897105,7.727218202760719,23.18165460828216,26.81834539171784,13.173724107689711,33.01,-118.6,-1,0
1738678755.3597918,-3.2465520006026543,7.605235067342205,22.815705202026617,27.184294797973383,13.246552000602655,33.01,-118.6,-1,0
1738678755.4325886,-3.4949786505215545,7.1512584158030625,21.453775247409187,28.546224752590813,13.494978650521555,33.01,-118.6,-1,0
1738678755.4581835,-3.60414650656159,6.931126303636339,20.793378910909016,29.206621089090984,13.604146506561591,33.01,-118.6,-1,0
1738678755.5386424,-3.853773447267173,6.371320182548822,19.113960547646467,30.886039452353533,13.853773447267173,33.01,-118.6,-1,0
1738678755.5832603,-4.006422067770475,5.982836188592078,17.948508565776233,32.05149143422376,14.006422067770476,33.01,-118.6,-1,0
1738678755.6496155,-4.188298919707237,5.461923529006678,16.385770587020033,33.61422941297997,14.188298919707236,33.01,-118.6,-1,0
1738678755.665645,-4.243486540470002,5.28878889003898,15.86636667011694,34.13363332988306,14.243486540470002,33.01,-118.6,-1,0
1738678755.7390697,-4.410676067936102,4.709962472774378,14.129887418323133,35.870112581676864,14.410676067936102,33.01,-118.6,-1,0
1738678755.757015,-4.464848773561086,4.501166706190769,13.503500118572306,36.496499881427695,14.464848773561087,33.01,-118.6,-1,0
1738678755.8299134,-4.605332769178341,3.894051918057672,11.682155754173015,38.31784424582698,14.605332769178341,33.01,-118.6,-1,0
1738678755.8587914,-4.64121536429592,3.7197418954672057,11.159225686401617,38.84077431359838,14.64121536429592,33.01,-118.6,-1,0
1738678755.9157865,-4.75997227943455,3.061152658078104,9.183457974234312,40.816542025765685,14.75997227943455,33.01,-118.6,-1,0
1738678755.9639344,-4.83151698934377,2.5740579493729405,7.722173848118821,42.27782615188118,14.83151698934377,33.01,-118.6,-1,0
1738678756.026734,-4.899237914572695,1.9974662514429506,5.9923987543288515,44.00760124567115,14.899237914572694,33.01,-118.6,-1,0
1738678756.0840425,-4.950422023188799,1.4047374022603896,4.214212206781169,45.78578779321883,14.9504220231888,33.01,-118.6,-1,0
1738678756.1533544,-4.986115164906309,0.7447296483726972,2.2341889451180914,47.76581105488191,14.986115164906309,33.01,-118.6,-1,0
1738678756.1653216,-4.9919930956061815,0.5657028669547506,1.6971086008642517,48.302891399135746,14.991993095606182,33.01,-118.6,-1,0
1738678756.2261527,-4.999998255472152,0.008353508352097128,0.025060525056291385,49.97493947494371,14.999998255472152,33.01,-118.6,-1,0
1738678756.2651658,-4.996000813403207,-0.3998793441751924,-1.199638032525577,51.19963803252558,14.996000813403207,33.01,-118.6,-1,0
1738678756.3238468,-4.976999497332387,-0.9580730735244907,-2.874219220573472,52.87421922057347,14.976999497332386,33.01,-118.6,-1,0
1738678756.334938,-4.968729469173628,-1.1166511759104705,-3.349953527731411,53.34995352773141,14.968729469173628,33.01,-118.6,-1,0
1738678756.4020488,-4.927134214529332,-1.700997862449479,-5.102993587348437,55.102993587348436,14.927134214529332,33.01,-118.6,-1,0
1738678756.4150174,-4.909926249940936,-1.8895758467348511,-5.668727540204554,55.66872754020456,14.909926249940936,33.01,-118.6,-1,0
1738678756.479249,-4.842650447377133,-2.488964961198175,-7.466894883594525,57.46689488359453,14.842650447377132,33.01,-118.6,-1,0
1738678756.4942837,-4.821114254033415,-2.6509299119786793,-7.952789735936038,57.95278973593604,14.821114254033414,33.01,-118.6,-1,0
1738678756.5573237,-4.7311353520285495,-3.2350321672500826,-9.705096501750248,59.70509650175025,14.731135352028549,33.01,-118.6,-1,0
1738678756.570272,-4.70305085557349,-3.3948859479455096,-10.18465784383653,60.18465784383653,14.70305085557349,33.01,-118.6,-1,0
1738678756.6463864,-4.592369853316614,-3.954814347272822,-11.864443041818467,61.86444304181847,14.592369853316615,33.01,-118.6,-1,0
1738678756.6633327,-4.533430438260603,-4.218060436481332,-12.654181309443997,62.654181309444,14.533430438260602,33.01,-118.6,-1,0
1738678756.7194724,-4.406222724776405,-4.726606097260061,-14.179818291780181,64.17981829178018,14.406222724776406,33.01,-118.6,-1,0
1738678756.7431083,-4.364630522003453,-4.878524533666248,-14.635573600998745,64.63557360099874,14.364630522003452,33.01,-118.6,-1,0
1738678756.8057954,-4.185866289353927,-5.469377810190253,-16.40813343057076,66.40813343057076,14.185866289353928,33.01,-118.6,-1,0
1738678756.8487952,-4.05806737959605,-5.841948011633943,-17.52584403490183,67.52584403490184,14.05806737959605,33.01,-118.6,-1,0
1738678756.890952,-3.9361097057598053,-6.16669778219217,-18.50009334657651,68.5000933465765,13.936109705759804,33.01,-118.6,-1,0
1738678756.934795,-3.800331101572727,-6.49845628389359,-19.49536885168077,69.49536885168077,13.800331101572727,33.01,-118.6,-1,0
1738678756.9738705,-3.6570591806852493,-6.819360130969983,-20.45808039290995,70.45808039290995,13.657059180685248,33.01,-118.6,-1,0
1738678757.0128942,-3.5266663992280742,-7.088758455062688,-21.266275365188065,71.26627536518806,13.526666399228073,33.01,-118.6,-1,0
1738678757.0759392,-3.3117258046874225,-7.491988306068675,-22.475964918206024,72.47596491820602,13.311725804687423,33.01,-118.6,-1,0
1738678757.0874243,-3.247039217244324,-7.60440301974517,-22.81320905923551,72.8132090592355,13.247039217244325,33.01,-118.6,-1,0
1738678757.1485636,-3.0267323897856153,-7.959620855448495,-23.878862566345486,73.87886256634549,13.026732389785614,33.01,-118.6,-1,0
1738678757.1604471,-2.9588569381192857,-8.06105839694599,-24.18317519083797,74.18317519083797,12.958856938119286,33.01,-118.6,-1,0
1738678757.2162838,-2.7543347061985846,-8.345930823156865,-25.037792469470595,75.03779246947059,12.754334706198584,33.01,-118.6,-1,0
1738678757.227633,-2.683245331150542,-8.438055342994335,-25.31416602898301,75.31416602898301,12.683245331150541,33.01,-118.6,-1,0
1738678757.2857032,-2.4525735376455766,-8.714329129070272,-26.142987387210816,76.14298738721081,12.452573537645577,33.01,-118.6,-1,0
1738678757.3325467,-2.272432123724717,-8.907536638838815,-26.722609916516443,76.72260991651645,12.272432123724716,33.01,-118.6,-1,0
1738678757.385924,-1.9989666815339515,-9.166053066858634,-27.498159200575902,77.4981592005759,11.998966681533952,33.01,-118.6,-1,0
1738678757.4244199,-1.8178465160664823,-9.315671536507704,-27.947014609523116,77.94701460952311,11.817846516066481,33.01,-118.6,-1,0
1738678757.490062,-1.5670467354577862,-9.496181238559235,-28.4885437156777,78.48854371567771,11.567046735457787,33.01,-118.6,-1,0
1738678757.5009763,-1.44260915607197,-9.574733170760911,-28.72419951228273,78.72419951228272,11.44260915607197,33.01,-118.6,-1,0
1738678757.5624337,-1.1800666758721265,-9.717498163724263,-29.152494491172792,79.15249449117279,11.180066675872126,33.01,-118.6,-1,0
1738678757.580214,-1.06793049092602,-9.769242440752612,-29.307727322257833,79.30772732225783,11.06793049092602,33.01,-118.6,-1,0
1738678757.6525352,-0.7334469378062423,-9.891826037577218,-29.67547811273165,79.67547811273165,10.733446937806242,33.01,-118.6,-1,0
1738678757.6694264,-0.6294456898049059,-9.92044316017909,-29.761329480537274,79.76132948053727,10.629445689804905,33.01,-118.6,-1,0
1738678757.7427933,-0.27746963544084324,-9.984590247257687,-29.95377074177306,79.95377074177306,10.277469635440843,33.01,-118.6,-1,0
1738678757.7567317,-0.18467639357280152,-9.99317659799064,-29.979529793971917,79.97952979397192,10.1846763935728,33.01,-118.6,-1,0
1738678757.8268301,0.13568400541548206,-9.996317292017977,-29.98895187605393,79.98895187605393,9.864315994584517,33.01,-118.6,-1,0
1738678757.863708,0.33479057377835136,-9.977557871886118,-29.932673615658352,79.93267361565836,9.665209426221649,33.01,-118.6,-1,0
1738678757.9244802,0.6207891440487652,-9.922624821816292,-29.767874465448877,79.76787446544887,9.379210855951236,33.01,-118.6,-1,0
1738678757.9369698,0.7112281748507141,-9.898313893446403,-29.69494168033921,79.69494168033921,9.288771825149286,33.01,-118.6,-1,0
1738678758.0024314,0.9992672216238431,-9.798258012481233,-29.394774037443696,79.3947740374437,9.000732778376157,33.01,-118.6,-1,0
1738678758.0154526,1.0896195081932896,-9.759657643045603,-29.27897292913681,79.27897292913681,8.91038049180671,33.01,-118.6,-1,0
1738678758.085846,1.3788471942695018,-9.612238119159372,-28.836714357478115,78.83671435747812,8.621152805730498,33.01,-118.6,-1,0
1738678758.1403275,1.638826138432084,-9.44759205046276,-28.34277615138828,78.34277615138828,8.361173861567917,33.01,-118.6,-1,0
1738678758.1835482,1.8914431273905126,-9.256876988671115,-27.770630966013343,77.77063096601334,8.108556872609487,33.01,-118.6,-1,0
1738678758.225196,2.0815821168460946,-9.092197950072695,-27.276593850218088,77.27659385021809,7.918417883153905,33.01,-118.6,-1,0
1738678758.2891538,2.3484717197286935,-8.828291019588004,-26.484873058764016,76.48487305876401,7.6515282802713065,33.01,-118.6,-1,0
1738678758.3270555,2.535534828818713,-8.61883127386707,-25.85649382160121,75.8564938216012,7.464465171181287,33.01,-118.6,-1,0
1738678758.365292,2.696068044279858,-8.421690353037919,-25.265071059113755,75.26507105911375,7.303931955720142,33.01,-118.6,-1,0
1738678758.4129033,2.8725474826212096,-8.184979159432613,-24.55493747829784,74.55493747829784,7.12745251737879,33.01,-118.6,-1,0
1738678758.4464993,3.019089379465687,-7.971223072727922,-23.913669218183767,73.91366921818377,6.980910620534313,33.01,-118.6,-1,0
1738678758.488677,3.1956783480637467,-7.690940097469635,-23.072820292408906,73.0728202924089,6.804321651936253,33.01,-118.6,-1,0
1738678758.5279436,3.344331551011037,-7.433827137326267,-22.3014814119788,72.3014814119788,6.655668448988963,33.01,-118.6,-1,0
1738678758.5652146,3.478021259737046,-7.18425169849084,-21.55275509547252,71.55275509547252,6.521978740262954,33.01,-118.6,-1,0
1738678758.6235805,3.6658396214127977,-6.800476415687382,-20.401429247062147,70.40142924706214,6.334160378587202,33.01,-118.6,-1,0
1738678758.6401608,3.74293980738815,-6.630354922104596,-19.891064766313786,69.89106476631379,6.25706019261185,33.01,-118.6,-1,0
1738678758.7099826,3.952272788880747,-6.125206870718017,-18.37562061215405,68.37562061215405,6.047727211119253,33.01,-118.6,-1,0
1738678758.7251377,4.014897649706441,-5.9600660608358,-17.8801981825074,67.8801981825074,5.985102350293559,33.01,-118.6,-1,0
1738678758.8036315,4.197287729995821,-5.43425274039643,-16.30275822118929,66.3027582211893,5.802712270004179,33.01,-118.6,-1,0
1738678758.8291547,4.273240074577574,-5.192078298725571,-15.576234896176713,65.57623489617671,5.726759925422426,33.01,-118.6,-1,0
1738678758.897306,4.45280878280069,-4.54862350335265,-13.645870510057952,63.645870510057954,5.54719121719931,33.01,-118.6,-1,0
1738678758.940774,4.551071449745832,-4.141375935270005,-12.424127805810015,62.424127805810016,5.448928550254168,33.01,-118.6,-1,0
1738678758.9852824,4.639937361113706,-3.7261139461595523,-11.178341838478657,61.17834183847866,5.360062638886294,33.01,-118.6,-1,0
1738678759.0232027,4.708105166082431,-3.366746646308823,-10.10023993892647,60.10023993892647,5.291894833917569,33.01,-118.6,-1,0
1738678759.0838065,4.792133598610936,-2.8533878622186655,-8.560163586655996,58.560163586655996,5.207866401389064,33.01,-118.6,-1,0
1738678759.1014366,4.825798984168598,-2.6166116749700006,-7.849835024910003,57.84983502491,5.174201015831402,33.01,-118.6,-1,0
1738678759.1811886,4.908568320396935,-1.9036355155287654,-5.710906546586296,55.710906546586294,5.091431679603065,33.01,-118.6,-1,0
1738678759.2024572,4.9331819039370375,-1.6293757119438634,-4.88812713583159,54.88812713583159,5.0668180960629625,33.01,-118.6,-1,0
1738678759.2851965,4.979738586883278,-0.899341106156571,-2.6980233184697133,52.698023318469716,5.020261413116722,33.01,-118.6,-1,0
1738678759.2971573,4.988327139220822,-0.6829124456707751,-2.048737337012325,52.04873733701233,5.011672860779178,33.01,-118.6,-1,0
1738678759.37064,4.999866305869686,-0.073127927059984,-0.21938378117995203,50.21938378117995,5.000133694130314,33.01,-118.6,-1,0
1738678759.3828359,4.999174344012279,0.18172372623733607,0.5451711787120082,49.45482882128799,5.000825655987721,33.01,-118.6,-1,0
1738678759.4443164,4.985786276571647,0.7534857778347961,2.2604573335043883,47.73954266649561,5.014213723428353,33.01,-118.6,-1,0
1738678759.4602602,4.97846206280403,0.9271795710023858,2.7815387130071576,47.21846128699284,5.02153793719597,33.01,-118.6,-1,0
1738678759.5204608,4.944756196391392,1.4824117622967474,4.447235286890242,45.55276471310976,5.055243803608608,33.01,-118.6,-1,0
1738678759.533973,4.92883818868734,1.6811354612133955,5.043406383640186,44.95659361635981,5.07116181131266,33.01,-118.6,-1,0
1738678759.6067722,4.87229529009886,2.2456523382576044,6.736957014772813,43.26304298522719,5.12770470990114,33.01,-118.6,-1,0
1738678759.6208413,4.840539762238266,2.5053341575049903,7.5160024725149714,42.48399752748503,5.159460237761734,33.01,-118.6,-1,0
1738678759.680302,4.758567560166638,3.0698760726320726,9.209628217896219,40.79037178210378,5.241432439833362,33.01,-118.6,-1,0
1738678759.6924288,4.733822385909235,3.2192704879612704,9.657811463883812,40.34218853611619,5.266177614090765,33.01,-118.6,-1,0
1738678759.7522278,4.638222479560035,3.7346444168643202,11.20393325059296,38.79606674940704,5.361777520439965,33.01,-118.6,-1,0
1738678759.7675304,4.603981313157354,3.900438984574881,11.701316953724643,38.29868304627536,5.396018686842646,33.01,-118.6,-1,0
1738678759.8311155,4.479870889737267,4.441061499814939,13.323184499444817,36.67681550055518,5.520129110262733,33.01,-118.6,-1,0
1738678759.8414433,4.440561781405693,4.5962641636525206,13.788792490957562,36.21120750904244,5.559438218594307,33.01,-118.6,-1,0
1738678759.91078,4.294205642509445,5.122420482482885,15.367261447448653,34.632738552551345,5.705794357490555,33.01,-118.6,-1,0
1738678759.9574866,4.157509218359906,5.555219923370236,16.665659770110707,33.33434022988929,5.842490781640094,33.01,-118.6,-1,0
1738678760.0011964,4.027784254462582,5.925184891462308,17.775554674386925,32.224445325613075,5.972215745537418,33.01,-118.6,-1,0
1738678760.055248,3.8948102232471085,6.270710749154297,18.81213224746289,31.18786775253711,6.1051897767528915,33.01,-118.6,-1,0
1738678760.116412,3.668898208633005,6.793875457995834,20.3816263739875,29.6183736260125,6.331101791366995,33.01,-118.6,-1,0
1738678760.1621988,3.498927891908488,7.143529549802344,21.43058864940703,28.56941135059297,6.5010721080915115,33.01,-118.6,-1,0
1738678760.2120311,3.322327726314891,7.473189005761683,22.41956701728505,27.58043298271495,6.6776722736851095,33.01,-118.6,-1,0
1738678760.2515597,3.160697635231431,7.748545788376665,23.245637365129994,26.754362634870006,6.839302364768569,33.01,-118.6,-1,0
1738678760.3061447,2.9605341534669005,8.058594797148203,24.17578439144461,25.82421560855539,7.0394658465330995,33.01,-118.6,-1,0
1738678760.3592563,2.7779727550416524,8.314533630275672,24.94360089082702,25.05639910917298,7.222027244958348,33.01,-118.6,-1,0
1738678760.40866,2.5262940302862607,8.62967866668047,25.889036000041408,24.110963999958592,7.473705969713739,33.01,-118.6,-1,0
1738678760.451097,2.331985862384839,8.845754221690141,26.537262665070422,23.462737334929578,7.668014137615161,33.01,-118.6,-1,0
1738678760.4881458,2.1699250184810475,9.009200944405674,27.027602833217024,22.972397166782976,7.830074981518953,33.01,-118.6,-1,0
1738678760.5247512,2.0056196767749155,9.160237925323399,27.480713775970198,22.519286224029802,7.9943803232250845,33.01,-118.6,-1,0
1738678760.5795887,1.7676443943852025,9.354236108843644,28.062708326530934,21.937291673469066,8.232355605614798,33.01,-118.6,-1,0
1738678760.623952,1.541732325710716,9.512741231812967,28.538223695438905,21.461776304561095,8.458267674289283,33.01,-118.6,-1,0
1738678760.7000513,1.2091616758000259,9.703180518113939,29.10954155434182,20.89045844565818,8.790838324199974,33.01,-118.6,-1,0
1738678760.7529933,0.9726711277295496,9.808957309985875,29.42687192995762,20.57312807004238,9.02732887227045,33.01,-118.6,-1,0
1738678760.7882946,0.7400198820349619,9.889867658203109,29.669602974609326,20.330397025390674,9.259980117965037,33.01,-118.6,-1,0
1738678760.8258474,0.561825320033878,9.936669927046752,29.81000978114026,20.18999021885974,9.438174679966123,33.01,-118.6,-1,0
1738678760.8911545,0.2582112225234803,9.986656490450232,29.959969471350693,20.040030528649307,9.74178877747652,33.01,-118.6,-1,0
1738678760.9409788,-0.02068791954848323,9.999914401630598,29.999743204891793,20.000256795108207,10.020687919548482,33.01,-118.6,-1,0
1738678760.9886007,-0.25865369370819574,9.986610689664658,29.959832068993975,20.040167931006025,10.258653693708196,33.01,-118.6,-1,0
1738678761.030747,-0.4674089032103884,9.956209904818131,29.868629714454393,20.131370285545607,10.467408903210389,33.01,-118.6,-1,0
1738678761.0728133,-0.6696336307508738,9.909912371069161,29.729737113207484,20.270262886792516,10.669633630750873,33.01,-118.6,-1,0
1738678761.1093915,-0.8488261392371339,9.85484534335223,29.56453603005669,20.43546396994331,10.848826139237135,33.01,-118.6,-1,0
1738678761.16203,-1.0592984446643876,9.773000932186921,29.319002796560763,20.680997203439237,11.059298444664387,33.01,-118.6,-1,0
1738678761.2122939,-1.3513186197682185,9.627863311839802,28.883589935519403,21.116410064480597,11.351318619768218,33.01,-118.6,-1,0
1738678761.2593932,-1.5776966860951216,9.489124968443502,28.467374905330505,21.532625094669495,11.577696686095122,33.01,-118.6,-1,0
1738678761.3042006,-1.792590526821887,9.335227732229875,28.00568319668962,21.99431680331038,11.792590526821886,33.01,-118.6,-1,0
1738678761.3639407,-2.0540249720844392,9.117232346288763,27.351697038866284,22.648302961133716,12.05402497208444,33.01,-118.6,-1,0
1738678761.3813317,-2.154591810561257,9.023909159530001,27.071727478590006,22.928272521409994,12.154591810561257,33.01,-118.6,-1,0
1738678761.4622574,-2.449528444994586,8.7177543890987,26.153263167296096,23.846736832703904,12.449528444994586,33.01,-118.6,-1,0
1738678761.4795117,-2.5876298742175425,8.55667496964958,25.670024908948736,24.329975091051264,12.587629874217543,33.01,-118.6,-1,0
1738678761.5495353,-2.848935604603775,8.217923319384507,24.653769958153525,25.346230041846475,12.848935604603774,33.01,-118.6,-1,0
1738678761.591004,-3.0302944346727276,7.954197794672067,23.8625933840162,26.1374066159838,13.030294434672728,33.01,-118.6,-1,0
1738678761.6318808,-3.198125976526494,7.686869385716518,23.060608157149556,26.939391842850444,13.198125976526494,33.01,-118.6,-1,0
1738678761.6761184,-3.362685310464209,7.400634433016733,22.201903299050198,27.798096700949802,13.362685310464208,33.01,-118.6,-1,0
1738678761.7319295,-3.5605888176621185,7.020600336592157,21.06180100977647,28.93819899022353,13.560588817662119,33.01,-118.6,-1,0
1738678761.7434175,-3.613124625497555,6.912403472200722,20.737210416602167,29.262789583397833,13.613124625497555,33.01,-118.6,-1,0
1738678761.804922,-3.8017509540913434,6.495133465315569,19.48540039594671,30.51459960405329,13.801750954091343,33.01,-118.6,-1,0
1738678761.8179593,-3.858779791398341,6.359188162492372,19.077564487477115,30.922435512522885,13.85877979139834,33.01,-118.6,-1,0
1738678761.8778048,-4.0219602825458765,5.940988296781437,17.82296489034431,32.17703510965569,14.021960282545876,33.01,-118.6,-1,0
1738678761.9033146,-4.077137835692547,5.788591216786446,17.365773650359337,32.63422634964066,14.077137835692547,33.01,-118.6,-1,0
1738678761.9691806,-4.273335616007058,5.191763751545549,15.575291254636648,34.424708745363354,14.273335616007058,33.01,-118.6,-1,0
1738678761.9814684,-4.324229337679109,5.0203747410548125,15.061124223164438,34.93887577683556,14.32422933767911,33.01,-118.6,-1,0
1738678762.0432549,-4.46381846436013,4.505252364624017,13.515757093872052,36.484242906127946,14.46381846436013,33.01,-118.6,-1,0
1738678762.0652282,-4.498141541281907,4.366565091507982,13.099695274523947,36.900304725476055,14.498141541281907,33.01,-118.6,-1,0
1738678762.126838,-4.636130084820353,3.745022209078937,11.235066627236812,38.76493337276319,14.636130084820353,33.01,-118.6,-1,0
1738678762.1698306,-4.715029580006347,3.3277596425614426,9.983278927684328,40.016721072315676,14.715029580006348,33.01,-118.6,-1,0
1738678762.2096817,-4.779721398501989,2.935481802159356,8.806445406478067,41.19355459352193,14.779721398501989,33.01,-118.6,-1,0
1738678762.2467804,-4.830168722677303,2.5841595233033967,7.752478569910189,42.24752143008981,14.830168722677303,33.01,-118.6,-1,0
1738678762.2840645,-4.87556355366925,2.2170972320871045,6.651291696261314,43.34870830373869,14.875563553669249,33.01,-118.6,-1,0
1738678762.3247852,-4.914184140859367,1.8447701534080343,5.534310460224103,44.465689539775894,14.914184140859367,33.01,-118.6,-1,0
1738678762.3788867,-4.956672365958924,1.3136195134652464,3.9408585403957392,46.05914145960426,14.956672365958923,33.01,-118.6,-1,0
1738678762.3908923,-4.966827118772152,1.1500058647320368,3.45001759419611,46.54998240580389,14.966827118772152,33.01,-118.6,-1,0
1738678762.4505327,-4.989088470821902,0.6602915426142547,1.980874627842764,48.019125372157234,14.989088470821901,33.01,-118.6,-1,0
1738678762.4645486,-4.995027710392975,0.44586173823871816,1.3375852147161544,48.66241478528384,14.995027710392975,33.01,-118.6,-1,0
1738678762.5221777,-4.999696562481705,-0.11016865450063416,-0.3305059635019025,50.3305059635019,14.999696562481706,33.01,-118.6,-1,0
1738678762.5347123,-4.9978924522956865,-0.2903173111325557,-0.8709519333976672,50.87095193339767,14.997892452295687,33.01,-118.6,-1,0
1738678762.605252,-4.98260180050773,-0.833496964786621,-2.500490894359863,52.500490894359864,14.98260180050773,33.01,-118.6,-1,0
1738678762.6212153,-4.967525863706591,-1.1378695767197293,-3.4136087301591878,53.41360873015919,14.96752586370659,33.01,-118.6,-1,0
1738678762.6857417,-4.924407229693774,-1.732297244862657,-5.196891734587971,55.19689173458797,14.924407229693774,33.01,-118.6,-1,0
1738678762.6978247,-4.909446109777006,-1.8945594687899585,-5.683678406369876,55.68367840636988,14.909446109777006,33.01,-118.6,-1,0
1738678762.7739058,-4.845254130639598,-2.4686128975762127,-7.405838692728638,57.405838692728636,14.8452541306396,33.01,-118.6,-1,0
1738678762.7864196,-4.806970226697478,-2.7517537968677312,-8.255261390603193,58.255261390603195,14.806970226697478,33.01,-118.6,-1,0
1738678762.8499336,-4.719875710843925,-3.300165616562629,-9.900496849687887,59.90049684968788,14.719875710843926,33.01,-118.6,-1,0
1738678762.8898258,-4.643210637710336,-3.709768172731863,-11.129304518195589,61.12930451819559,14.643210637710336,33.01,-118.6,-1,0
1738678762.924736,-4.572924095282981,-4.043941255152123,-12.131823765456367,62.13182376545637,14.572924095282982,33.01,-118.6,-1,0
1738678762.964453,-4.492693207535518,-4.388944175067267,-13.166832525201801,63.1668325252018,14.492693207535517,33.01,-118.6,-1,0
1738678763.0217552,-4.364964454728803,-4.877329313857775,-14.631987941573323,64.63198794157333,14.364964454728803,33.01,-118.6,-1,0
1738678763.0351484,-4.320041771675353,-5.034774708357893,-15.10432412507368,65.10432412507367,14.320041771675353,33.01,-118.6,-1,0
1738678763.1004758,-4.158051927880656,-5.553594931230744,-16.660784793692233,66.66078479369223,14.158051927880656,33.01,-118.6,-1,0
1738678763.1150353,-4.107008777127335,-5.703500295292016,-17.110500885876046,67.11050088587605,14.107008777127335,33.01,-118.6,-1,0
1738678763.1841946,-3.917558940830465,-6.213769208819809,-18.641307626459426,68.64130762645942,13.917558940830466,33.01,-118.6,-1,0
1738678763.1992335,-3.856040169789687,-6.365831983006879,-19.097495949020637,69.09749594902064,13.856040169789686,33.01,-118.6,-1,0
1738678763.2621446,-3.6581485383640255,-6.817022596783772,-20.451067790351317,70.45106779035132,13.658148538364026,33.01,-118.6,-1,0
1738678763.2882125,-3.5964880174793725,-6.947020639130789,-20.84106191739237,70.84106191739237,13.596488017479373,33.01,-118.6,-1,0
1738678763.3624864,-3.298407622370312,-7.515452656145051,-22.546357968435153,72.54635796843516,13.298407622370313,33.01,-118.6,-1,0
1738678763.5139513,-2.6843922200199284,-8.436596092997812,-25.309788278993434,75.30978827899344,12.684392220019928,33.01,-118.6,-1,0
1738678763.5785892,-2.4212213173580936,-8.749328507347462,-26.247985522042384,76.24798552204238,12.421221317358093,33.01,-118.6,-1,0
1738678763.6684358,-2.1329416310584595,-9.044459076915032,-27.133377230745097,77.1333772307451,12.13294163105846,33.01,-118.6,-1,0
